insurer_id,insurer_no,insurer_name,municipal_administration_name,region_kind,insurer_start_date,insurer_end_date
1,011015,札幌市,札幌市中央区,7,2021/04/01,9999/12/31
2,011023,札幌市,札幌市北区,7,2021/04/01,9999/12/31
3,011031,札幌市,札幌市東区,7,2021/04/01,9999/12/31
4,011049,札幌市,札幌市白石区,7,2021/04/01,9999/12/31
5,011056,札幌市,札幌市豊平区,7,2021/04/01,9999/12/31
6,011064,札幌市,札幌市南区,7,2021/04/01,9999/12/31
7,011072,札幌市,札幌市西区,7,2021/04/01,9999/12/31
8,011080,札幌市,札幌市厚別区,7,2021/04/01,9999/12/31
9,011098,札幌市,札幌市手稲区,7,2021/04/01,9999/12/31
10,011106,札幌市,札幌市清田区,7,2021/04/01,9999/12/31
11,012021,函館市,,8,2021/04/01,9999/12/31
12,012039,小樽市,,8,2021/04/01,9999/12/31
13,012047,旭川市,,8,2021/04/01,9999/12/31
14,012054,室蘭市,,8,2021/04/01,9999/12/31
15,012062,釧路市,,8,2021/04/01,9999/12/31
16,012070,帯広市,,8,2021/04/01,9999/12/31
17,012088,北見市,,8,2021/04/01,9999/12/31
18,012096,夕張市,,8,2021/04/01,9999/12/31
19,012104,岩見沢市,,8,2021/04/01,9999/12/31
20,012112,網走市,,8,2021/04/01,9999/12/31
21,012120,留萌市,,8,2021/04/01,9999/12/31
22,012138,苫小牧市,,8,2021/04/01,9999/12/31
23,012146,稚内市,,8,2021/04/01,9999/12/31
24,012153,美唄市,,8,2021/04/01,9999/12/31
25,012161,芦別市,,8,2021/04/01,9999/12/31
26,012179,江別市,,8,2021/04/01,9999/12/31
27,012187,赤平市,,8,2021/04/01,9999/12/31
28,012195,紋別市,,8,2021/04/01,9999/12/31
29,012203,士別市,,8,2021/04/01,9999/12/31
30,012211,名寄市,,8,2021/04/01,9999/12/31
31,012229,三笠市,,8,2021/04/01,9999/12/31
32,012237,根室市,,8,2021/04/01,9999/12/31
33,012245,千歳市,,8,2021/04/01,9999/12/31
34,012252,滝川市,,8,2021/04/01,9999/12/31
35,012260,砂川市,,8,2021/04/01,9999/12/31
36,012286,深川市,,8,2021/04/01,9999/12/31
37,012294,富良野市,,8,2021/04/01,9999/12/31
38,012302,登別市,,8,2021/04/01,9999/12/31
39,012310,恵庭市,,8,2021/04/01,9999/12/31
40,012336,伊達市,,8,2021/04/01,9999/12/31
41,012344,北広島市,,8,2021/04/01,9999/12/31
42,012351,石狩市,,8,2021/04/01,9999/12/31
43,012369,北斗市,,8,2021/04/01,9999/12/31
44,013037,当別町,,8,2021/04/01,9999/12/31
45,013045,新篠津村,,8,2021/04/01,9999/12/31
46,013318,松前町,,8,2021/04/01,9999/12/31
47,013326,福島町,,8,2021/04/01,9999/12/31
48,013334,知内町,,8,2021/04/01,9999/12/31
49,013342,木古内町,,8,2021/04/01,9999/12/31
50,013375,七飯町,,8,2021/04/01,9999/12/31
51,013433,鹿部町,,8,2021/04/01,9999/12/31
52,013458,森町,,7,2021/04/01,9999/12/31
53,013466,八雲町,,8,2021/04/01,9999/12/31
54,013474,長万部町,,8,2021/04/01,9999/12/31
55,013615,江差町,,8,2021/04/01,9999/12/31
56,013623,上ノ国町,,8,2021/04/01,9999/12/31
57,013631,厚沢部町,,8,2021/04/01,9999/12/31
58,013649,乙部町,,8,2021/04/01,9999/12/31
59,013672,奥尻町,,8,2021/04/01,9999/12/31
60,013706,今金町,,8,2021/04/01,9999/12/31
61,013714,せたな町,,8,2021/04/01,9999/12/31
62,013920,寿都町,,8,2021/04/01,9999/12/31
63,014027,岩内町,,8,2021/04/01,9999/12/31
64,014084,余市町,,8,2021/04/01,9999/12/31
65,014233,南幌町,,8,2021/04/01,9999/12/31
66,014274,由仁町,,8,2021/04/01,9999/12/31
67,014282,長沼町,,8,2021/04/01,9999/12/31
68,014290,栗山町,,8,2021/04/01,9999/12/31
69,014308,月形町,,8,2021/04/01,9999/12/31
70,014332,妹背牛町,,8,2021/04/01,9999/12/31
71,014340,秩父別町,,8,2021/04/01,9999/12/31
72,014373,北竜町,,8,2021/04/01,9999/12/31
73,014381,沼田町,,8,2021/04/01,9999/12/31
74,014399,幌加内町,,8,2021/04/01,9999/12/31
75,014522,鷹栖町,,8,2021/04/01,9999/12/31
76,014548,当麻町,,8,2021/04/01,9999/12/31
77,014555,比布町,,8,2021/04/01,9999/12/31
78,014563,愛別町,,8,2021/04/01,9999/12/31
79,014571,上川町,,8,2021/04/01,9999/12/31
80,014605,上富良野町,,8,2021/04/01,9999/12/31
81,014613,中富良野町,,8,2021/04/01,9999/12/31
82,014621,南富良野町,,8,2021/04/01,9999/12/31
83,014639,占冠村,,8,2021/04/01,9999/12/31
84,014647,和寒町,,8,2021/04/01,9999/12/31
85,014654,剣淵町,,8,2021/04/01,9999/12/31
86,014688,下川町,,8,2021/04/01,9999/12/31
87,014696,美深町,,8,2021/04/01,9999/12/31
88,014704,音威子府村,,8,2021/04/01,9999/12/31
89,014712,中川町,,8,2021/04/01,9999/12/31
90,014811,増毛町,,8,2021/04/01,9999/12/31
91,014829,小平町,,8,2021/04/01,9999/12/31
92,014837,苫前町,,8,2021/04/01,9999/12/31
93,014845,羽幌町,,8,2021/04/01,9999/12/31
94,014852,初山別村,,8,2021/04/01,9999/12/31
95,014860,遠別町,,8,2021/04/01,9999/12/31
96,014878,天塩町,,8,2021/04/01,9999/12/31
97,015115,猿払村,,8,2021/04/01,9999/12/31
98,015123,浜頓別町,,8,2021/04/01,9999/12/31
99,015131,中頓別町,,8,2021/04/01,9999/12/31
100,015149,枝幸町,,8,2021/04/01,9999/12/31
101,015164,豊富町,,8,2021/04/01,9999/12/31
102,015172,礼文町,,8,2021/04/01,9999/12/31
103,015180,利尻町,,8,2021/04/01,9999/12/31
104,015198,利尻富士町,,8,2021/04/01,9999/12/31
105,015206,幌延町,,8,2021/04/01,9999/12/31
106,015438,美幌町,,8,2021/04/01,9999/12/31
107,015446,津別町,,8,2021/04/01,9999/12/31
108,015453,斜里町,,8,2021/04/01,9999/12/31
109,015461,清里町,,8,2021/04/01,9999/12/31
110,015479,小清水町,,8,2021/04/01,9999/12/31
111,015495,訓子府町,,8,2021/04/01,9999/12/31
112,015503,置戸町,,8,2021/04/01,9999/12/31
113,015529,佐呂間町,,8,2021/04/01,9999/12/31
114,015552,遠軽町,,8,2021/04/01,9999/12/31
115,015594,湧別町,,8,2021/04/01,9999/12/31
116,015602,滝上町,,8,2021/04/01,9999/12/31
117,015610,興部町,,8,2021/04/01,9999/12/31
118,015628,西興部村,,8,2021/04/01,9999/12/31
119,015636,雄武町,,8,2021/04/01,9999/12/31
120,015644,大空町,,8,2021/04/01,9999/12/31
121,015719,豊浦町,,8,2021/04/01,9999/12/31
122,015750,壮瞥町,,8,2021/04/01,9999/12/31
123,015784,白老町,,8,2021/04/01,9999/12/31
124,015818,厚真町,,8,2021/04/01,9999/12/31
125,015842,洞爺湖町,,8,2021/04/01,9999/12/31
126,015859,安平町,,8,2021/04/01,9999/12/31
127,015867,むかわ町,,8,2021/04/01,9999/12/31
128,016014,日高町,,8,2021/04/01,9999/12/31
129,016022,平取町,,8,2021/04/01,9999/12/31
130,016071,浦河町,,8,2021/04/01,9999/12/31
131,016089,様似町,,8,2021/04/01,9999/12/31
132,016097,えりも町,,8,2021/04/01,9999/12/31
133,016311,音更町,,8,2021/04/01,9999/12/31
134,016329,士幌町,,8,2021/04/01,9999/12/31
135,016337,上士幌町,,8,2021/04/01,9999/12/31
136,016345,鹿追町,,8,2021/04/01,9999/12/31
137,016352,新得町,,8,2021/04/01,9999/12/31
138,016360,清水町,,7,2021/04/01,9999/12/31
139,016378,芽室町,,8,2021/04/01,9999/12/31
140,016386,中札内村,,8,2021/04/01,9999/12/31
141,016394,更別村,,8,2021/04/01,9999/12/31
142,016410,大樹町,,8,2021/04/01,9999/12/31
143,016428,広尾町,,8,2021/04/01,9999/12/31
144,016436,幕別町,,8,2021/04/01,9999/12/31
145,016444,池田町,,8,2021/04/01,9999/12/31
146,016451,豊頃町,,8,2021/04/01,9999/12/31
147,016469,本別町,,8,2021/04/01,9999/12/31
148,016477,足寄町,,8,2021/04/01,9999/12/31
149,016485,陸別町,,8,2021/04/01,9999/12/31
150,016493,浦幌町,,8,2021/04/01,9999/12/31
151,016618,釧路町,,8,2021/04/01,9999/12/31
152,016626,厚岸町,,8,2021/04/01,9999/12/31
153,016634,浜中町,,8,2021/04/01,9999/12/31
154,016642,標茶町,,8,2021/04/01,9999/12/31
155,016659,弟子屈町,,8,2021/04/01,9999/12/31
156,016675,鶴居村,,8,2021/04/01,9999/12/31
157,016683,白糠町,,8,2021/04/01,9999/12/31
158,016915,別海町,,8,2021/04/01,9999/12/31
159,016923,中標津町,,8,2021/04/01,9999/12/31
160,016931,標津町,,8,2021/04/01,9999/12/31
161,016949,羅臼町,,8,2021/04/01,9999/12/31
162,016048,日高中部広域連合,北海道新冠郡新冠町,8,2021/04/01,9999/12/31
163,016105,日高中部広域連合,北海道日高郡新ひだか町,8,2021/04/01,9999/12/31
164,012278,空知中部広域連合,北海道歌志内市,8,2021/04/01,9999/12/31
165,014241,空知中部広域連合,北海道空知郡奈井江町,8,2021/04/01,9999/12/31
166,014258,空知中部広域連合,北海道空知郡上砂川町,8,2021/04/01,9999/12/31
167,014316,空知中部広域連合,北海道樺戸郡浦臼町,8,2021/04/01,9999/12/31
168,014324,空知中部広域連合,北海道樺戸郡新十津川町,8,2021/04/01,9999/12/31
169,014365,空知中部広域連合,北海道雨竜郡雨竜町,8,2021/04/01,9999/12/31
170,013912,後志広域連合,島牧村,8,2021/04/01,9999/12/31
171,013938,後志広域連合,黒松内町,8,2021/04/01,9999/12/31
172,013946,後志広域連合,蘭越町,8,2021/04/01,9999/12/31
173,013953,後志広域連合,ニセコ町,8,2021/04/01,9999/12/31
174,013961,後志広域連合,真狩村,8,2021/04/01,9999/12/31
175,013979,後志広域連合,留寿都村,8,2021/04/01,9999/12/31
176,013987,後志広域連合,喜茂別町,8,2021/04/01,9999/12/31
177,013995,後志広域連合,京極町,8,2021/04/01,9999/12/31
178,014001,後志広域連合,倶知安町,8,2021/04/01,9999/12/31
179,014019,後志広域連合,共和町,8,2021/04/01,9999/12/31
180,014035,後志広域連合,泊村,8,2021/04/01,9999/12/31
181,014043,後志広域連合,神恵内村,8,2021/04/01,9999/12/31
182,014050,後志広域連合,積丹町,8,2021/04/01,9999/12/31
183,014068,後志広域連合,古平町,8,2021/04/01,9999/12/31
184,014076,後志広域連合,仁木町,8,2021/04/01,9999/12/31
185,014092,後志広域連合,赤井川村,8,2021/04/01,9999/12/31
186,014530,大雪地区広域連合,北海道上川郡東神楽町,8,2021/04/01,9999/12/31
187,014589,大雪地区広域連合,北海道上川郡東川町,8,2021/04/01,9999/12/31
188,014597,大雪地区広域連合,北海道上川郡美瑛町,8,2021/04/01,9999/12/31
189,022012,青森市,,8,2021/04/01,9999/12/31
190,022020,弘前市,,8,2021/04/01,9999/12/31
191,022038,八戸市,,8,2021/04/01,9999/12/31
192,022046,黒石市,,8,2021/04/01,9999/12/31
193,022053,五所川原市,,8,2021/04/01,9999/12/31
194,022061,十和田市,,8,2021/04/01,9999/12/31
195,022079,三沢市,,8,2021/04/01,9999/12/31
196,022087,むつ市,,8,2021/04/01,9999/12/31
197,022095,つがる市,,8,2021/04/01,9999/12/31
198,022103,平川市,,8,2021/04/01,9999/12/31
199,023010,平内町,,8,2021/04/01,9999/12/31
200,023036,今別町,,8,2021/04/01,9999/12/31
201,023044,蓬田村,,8,2021/04/01,9999/12/31
202,023077,外ヶ浜町,,8,2021/04/01,9999/12/31
203,023218,鰺ヶ沢町,,8,2021/04/01,9999/12/31
204,023234,深浦町,,8,2021/04/01,9999/12/31
205,023432,西目屋村,,8,2021/04/01,9999/12/31
206,023614,藤崎町,,8,2021/04/01,9999/12/31
207,023622,大鰐町,,8,2021/04/01,9999/12/31
208,023671,田舎館村,,8,2021/04/01,9999/12/31
209,023812,板柳町,,8,2021/04/01,9999/12/31
210,023846,鶴田町,,8,2021/04/01,9999/12/31
211,023879,中泊町,,8,2021/04/01,9999/12/31
212,024018,野辺地町,,8,2021/04/01,9999/12/31
213,024026,七戸町,,8,2021/04/01,9999/12/31
214,024059,六戸町,,8,2021/04/01,9999/12/31
215,024067,横浜町,,8,2021/04/01,9999/12/31
216,024083,東北町,,8,2021/04/01,9999/12/31
217,024117,六ヶ所村,,8,2021/04/01,9999/12/31
218,024125,おいらせ町,,8,2021/04/01,9999/12/31
219,024232,大間町,,8,2021/04/01,9999/12/31
220,024240,東通村,,8,2021/04/01,9999/12/31
221,024257,風間浦村,,8,2021/04/01,9999/12/31
222,024265,佐井村,,8,2021/04/01,9999/12/31
223,024414,三戸町,,8,2021/04/01,9999/12/31
224,024422,五戸町,,8,2021/04/01,9999/12/31
225,024430,田子町,,8,2021/04/01,9999/12/31
226,024455,南部町,,8,2021/04/01,9999/12/31
227,024463,階上町,,8,2021/04/01,9999/12/31
228,024505,新郷村,,8,2021/04/01,9999/12/31
229,032011,盛岡市,,8,2021/04/01,9999/12/31
230,032029,宮古市,,8,2021/04/01,9999/12/31
231,032037,大船渡市,,8,2021/04/01,9999/12/31
232,032052,花巻市,,8,2021/04/01,9999/12/31
233,032060,北上市,,8,2021/04/01,9999/12/31
234,032086,遠野市,,8,2021/04/01,9999/12/31
235,032102,陸前高田市,,8,2021/04/01,9999/12/31
236,032110,釜石市,,8,2021/04/01,9999/12/31
237,032151,奥州市,,8,2021/04/01,9999/12/31
238,032169,滝沢市,,8,2021/04/01,9999/12/31
239,033019,雫石町,,8,2021/04/01,9999/12/31
240,033217,紫波町,,8,2021/04/01,9999/12/31
241,033225,矢巾町,,8,2021/04/01,9999/12/31
242,033662,西和賀町,,8,2021/04/01,9999/12/31
243,033811,金ケ崎町,,8,2021/04/01,9999/12/31
244,034413,住田町,,8,2021/04/01,9999/12/31
245,034611,大槌町,,8,2021/04/01,9999/12/31
246,034827,山田町,,8,2021/04/01,9999/12/31
247,034835,岩泉町,,8,2021/04/01,9999/12/31
248,034843,田野畑村,,8,2021/04/01,9999/12/31
249,032136,二戸地区広域行政事務組合,岩手県二戸市,8,2021/04/01,9999/12/31
250,035014,二戸地区広域行政事務組合,岩手県九戸郡軽米町,8,2021/04/01,9999/12/31
251,035063,二戸地区広域行政事務組合,岩手県九戸郡九戸村,8,2021/04/01,9999/12/31
252,035246,二戸地区広域行政事務組合,岩手県二戸郡一戸町,8,2021/04/01,9999/12/31
253,032144,盛岡北部行政事務組合,岩手県八幡平市,8,2021/04/01,9999/12/31
254,033027,盛岡北部行政事務組合,岩手県岩手郡葛巻町,8,2021/04/01,9999/12/31
255,033035,盛岡北部行政事務組合,岩手県岩手郡岩手町,8,2021/04/01,9999/12/31
256,032078,久慈広域連合,岩手県久慈市,8,2021/04/01,9999/12/31
257,034850,久慈広域連合,岩手県下閉伊郡普代村,8,2021/04/01,9999/12/31
258,035030,久慈広域連合,岩手県九戸郡野田村,8,2021/04/01,9999/12/31
259,035071,久慈広域連合,岩手県九戸郡洋野町,8,2021/04/01,9999/12/31
260,032094,一関地区広域行政組合,岩手県一関市,8,2021/04/01,9999/12/31
261,034025,一関地区広域行政組合,岩手県西磐井郡平泉町,8,2021/04/01,9999/12/31
262,041012,仙台市,仙台市青葉区,6,2021/04/01,9999/12/31
263,041020,仙台市,仙台市宮城野区,6,2021/04/01,9999/12/31
264,041038,仙台市,仙台市若林区,6,2021/04/01,9999/12/31
265,041046,仙台市,仙台市太白区,6,2021/04/01,9999/12/31
266,041053,仙台市,仙台市泉区,6,2021/04/01,9999/12/31
267,042028,石巻市,,8,2021/04/01,9999/12/31
268,042036,塩竈市,,8,2021/04/01,9999/12/31
269,042051,気仙沼市,,8,2021/04/01,9999/12/31
270,042069,白石市,,8,2021/04/01,9999/12/31
271,042077,名取市,,8,2021/04/01,9999/12/31
272,042085,宮城県角田市,,8,2021/04/01,9999/12/31
273,042093,多賀城市,,6,2021/04/01,9999/12/31
274,042119,岩沼市,,8,2021/04/01,9999/12/31
275,042127,登米市,,8,2021/04/01,9999/12/31
276,042135,栗原市,,8,2021/04/01,9999/12/31
277,042143,東松島市,,8,2021/04/01,9999/12/31
278,042150,大崎市,,8,2021/04/01,9999/12/31
279,042168,富谷市,,8,2021/04/01,9999/12/31
280,043018,蔵王町,,8,2021/04/01,9999/12/31
281,043026,七ヶ宿町,,8,2021/04/01,9999/12/31
282,043216,大河原町,,8,2021/04/01,9999/12/31
283,043224,村田町,,8,2021/04/01,9999/12/31
284,043232,柴田町,,8,2021/04/01,9999/12/31
285,043240,川崎町,,8,2021/04/01,9999/12/31
286,043414,丸森町,,8,2021/04/01,9999/12/31
287,043612,亘理町,,8,2021/04/01,9999/12/31
288,043620,山元町,,8,2021/04/01,9999/12/31
289,044016,松島町,,8,2021/04/01,9999/12/31
290,044040,七ヶ浜町,,8,2021/04/01,9999/12/31
291,044065,利府町,,8,2021/04/01,9999/12/31
292,044214,大和町,,8,2021/04/01,9999/12/31
293,044222,大郷町,,8,2021/04/01,9999/12/31
294,044248,大衡村,,8,2021/04/01,9999/12/31
295,044446,色麻町,,8,2021/04/01,9999/12/31
296,044453,加美町,,8,2021/04/01,9999/12/31
297,045013,涌谷町,,8,2021/04/01,9999/12/31
298,045054,美里町,,8,2021/04/01,9999/12/31
299,045815,女川町,,8,2021/04/01,9999/12/31
300,046060,南三陸町,,8,2021/04/01,9999/12/31
301,052019,秋田市,,8,2021/04/01,9999/12/31
302,052027,能代市,,8,2021/04/01,9999/12/31
303,052035,横手市,,8,2021/04/01,9999/12/31
304,052043,大館市,,8,2021/04/01,9999/12/31
305,052068,男鹿市,,8,2021/04/01,9999/12/31
306,052076,湯沢市,,8,2021/04/01,9999/12/31
307,052092,鹿角市,,8,2021/04/01,9999/12/31
308,052118,潟上市,,8,2021/04/01,9999/12/31
309,052134,北秋田市,,8,2021/04/01,9999/12/31
310,053033,小坂町,,8,2021/04/01,9999/12/31
311,053272,上小阿仁村,,8,2021/04/01,9999/12/31
312,053462,藤里町,,8,2021/04/01,9999/12/31
313,053488,三種町,,8,2021/04/01,9999/12/31
314,053496,八峰町,,8,2021/04/01,9999/12/31
315,053611,五城目町,,8,2021/04/01,9999/12/31
316,053637,八郎潟町,,8,2021/04/01,9999/12/31
317,053660,井川町,,8,2021/04/01,9999/12/31
318,053686,大潟村,,8,2021/04/01,9999/12/31
319,054635,羽後町,,8,2021/04/01,9999/12/31
320,054643,東成瀬村,,8,2021/04/01,9999/12/31
321,052100,本荘由利広域市町村圏組合,秋田県由利本荘市,8,2021/04/01,9999/12/31
322,052142,本荘由利広域市町村圏組合,秋田県にかほ市,8,2021/04/01,9999/12/31
323,052126,大曲仙北広域市町村圏組合,秋田県大仙市,8,2021/04/01,9999/12/31
324,052159,大曲仙北広域市町村圏組合,秋田県仙北市,8,2021/04/01,9999/12/31
325,054346,大曲仙北広域市町村圏組合,秋田県仙北郡美郷町,8,2021/04/01,9999/12/31
326,062018,山形市,,8,2021/04/01,9999/12/31
327,062026,米沢市,,8,2021/04/01,9999/12/31
328,062034,鶴岡市,,8,2021/04/01,9999/12/31
329,062042,酒田市,,8,2021/04/01,9999/12/31
330,062059,新庄市,,8,2021/04/01,9999/12/31
331,062067,寒河江市,,8,2021/04/01,9999/12/31
332,062075,上山市,,8,2021/04/01,9999/12/31
333,062083,村山市,,8,2021/04/01,9999/12/31
334,062091,長井市,,8,2021/04/01,9999/12/31
335,062109,天童市,,8,2021/04/01,9999/12/31
336,062117,東根市,,8,2021/04/01,9999/12/31
337,062125,尾花沢市,,8,2021/04/01,9999/12/31
338,062133,南陽市,,8,2021/04/01,9999/12/31
339,063016,山辺町,,8,2021/04/01,9999/12/31
340,063024,中山町,,8,2021/04/01,9999/12/31
341,063214,河北町,,8,2021/04/01,9999/12/31
342,063222,西川町,,8,2021/04/01,9999/12/31
343,063230,朝日町,,7,2021/04/01,9999/12/31
344,063248,大江町,,8,2021/04/01,9999/12/31
345,063412,大石田町,,8,2021/04/01,9999/12/31
346,063610,金山町,,8,2021/04/01,9999/12/31
347,063628,最上町,,8,2021/04/01,9999/12/31
348,063636,舟形町,,8,2021/04/01,9999/12/31
349,063644,真室川町,,8,2021/04/01,9999/12/31
350,063651,大蔵村,,8,2021/04/01,9999/12/31
351,063669,鮭川村,,8,2021/04/01,9999/12/31
352,063677,戸沢村,,8,2021/04/01,9999/12/31
353,063818,高畠町,,8,2021/04/01,9999/12/31
354,063826,川西町,,7,2021/04/01,9999/12/31
355,064014,小国町,,8,2021/04/01,9999/12/31
356,064022,白鷹町,,8,2021/04/01,9999/12/31
357,064030,飯豊町,,8,2021/04/01,9999/12/31
358,064261,三川町,,8,2021/04/01,9999/12/31
359,064287,庄内町,,8,2021/04/01,9999/12/31
360,064618,遊佐町,,8,2021/04/01,9999/12/31
361,072017,福島市,,8,2021/04/01,9999/12/31
362,072025,会津若松市,,8,2021/04/01,9999/12/31
363,072033,郡山市,,8,2021/04/01,9999/12/31
364,072041,いわき市,,8,2021/04/01,9999/12/31
365,072058,白河市,,8,2021/04/01,9999/12/31
366,072074,須賀川市,,8,2021/04/01,9999/12/31
367,072082,喜多方市,,8,2021/04/01,9999/12/31
368,072090,相馬市,,8,2021/04/01,9999/12/31
369,072108,二本松市,,8,2021/04/01,9999/12/31
370,072116,田村市,,8,2021/04/01,9999/12/31
371,072124,南相馬市,,8,2021/04/01,9999/12/31
372,072132,伊達市,,8,2021/04/01,9999/12/31
373,072140,本宮市,,8,2021/04/01,9999/12/31
374,073015,桑折町,,8,2021/04/01,9999/12/31
375,073031,国見町,,8,2021/04/01,9999/12/31
376,073080,川俣町,,8,2021/04/01,9999/12/31
377,073221,大玉村,,8,2021/04/01,9999/12/31
378,073429,鏡石町,,8,2021/04/01,9999/12/31
379,073445,天栄村,,8,2021/04/01,9999/12/31
380,073627,下郷町,,8,2021/04/01,9999/12/31
381,073643,檜枝岐村,,8,2021/04/01,9999/12/31
382,073676,只見町,,8,2021/04/01,9999/12/31
383,073684,南会津町,,8,2021/04/01,9999/12/31
384,074021,北塩原村,,8,2021/04/01,9999/12/31
385,074054,西会津町,,8,2021/04/01,9999/12/31
386,074070,磐梯町,,8,2021/04/01,9999/12/31
387,074088,猪苗代町,,8,2021/04/01,9999/12/31
388,074211,会津坂下町,,8,2021/04/01,9999/12/31
389,074229,湯川村,,8,2021/04/01,9999/12/31
390,074237,柳津町,,8,2021/04/01,9999/12/31
391,074443,三島町,,8,2021/04/01,9999/12/31
392,074450,金山町,,8,2021/04/01,9999/12/31
393,074468,昭和村,,8,2021/04/01,9999/12/31
394,074476,会津美里町,,8,2021/04/01,9999/12/31
395,074617,西郷村,,8,2021/04/01,9999/12/31
396,074641,泉崎村,,8,2021/04/01,9999/12/31
397,074658,中島村,,8,2021/04/01,9999/12/31
398,074666,矢吹町,,8,2021/04/01,9999/12/31
399,074815,棚倉町,,8,2021/04/01,9999/12/31
400,074823,矢祭町,,8,2021/04/01,9999/12/31
401,074831,塙町,,8,2021/04/01,9999/12/31
402,074849,鮫川村,,8,2021/04/01,9999/12/31
403,075010,石川町,,8,2021/04/01,9999/12/31
404,075028,玉川村,,8,2021/04/01,9999/12/31
405,075036,平田村,,8,2021/04/01,9999/12/31
406,075044,浅川町,,8,2021/04/01,9999/12/31
407,075051,古殿町,,8,2021/04/01,9999/12/31
408,075218,三春町,,8,2021/04/01,9999/12/31
409,075226,小野町,,8,2021/04/01,9999/12/31
410,075416,広野町,,8,2021/04/01,9999/12/31
411,075424,楢葉町,,8,2021/04/01,9999/12/31
412,075432,富岡町,,8,2021/04/01,9999/12/31
413,075440,川内村,,8,2021/04/01,9999/12/31
414,075457,大熊町,,8,2021/04/01,9999/12/31
415,075465,双葉町,,8,2021/04/01,9999/12/31
416,075473,浪江町,,8,2021/04/01,9999/12/31
417,075481,葛尾村,,8,2021/04/01,9999/12/31
418,075614,新地町,,8,2021/04/01,9999/12/31
419,075648,飯舘村,,8,2021/04/01,9999/12/31
420,082016,水戸市,,5,2021/04/01,9999/12/31
421,082024,日立市,,5,2021/04/01,9999/12/31
422,082032,土浦市,,6,2021/04/01,9999/12/31
423,082040,古河市,,6,2021/04/01,9999/12/31
424,082057,石岡市,,8,2021/04/01,9999/12/31
425,082073,結城市,,7,2021/04/01,9999/12/31
426,082081,龍ケ崎市,,5,2021/04/01,9999/12/31
427,082107,下妻市,,7,2021/04/01,9999/12/31
428,082115,常総市,,7,2021/04/01,9999/12/31
429,082123,常陸太田市,,8,2021/04/01,9999/12/31
430,082149,高萩市,,8,2021/04/01,9999/12/31
431,082156,北茨城市,,8,2021/04/01,9999/12/31
432,082164,笠間市,,7,2021/04/01,9999/12/31
433,082172,取手市,,5,2021/04/01,9999/12/31
434,082198,牛久市,,4,2021/04/01,9999/12/31
435,082206,つくば市,,5,2021/04/01,9999/12/31
436,082214,ひたちなか市,,7,2021/04/01,9999/12/31
437,082222,鹿嶋市,,8,2021/04/01,9999/12/31
438,082230,潮来市,,8,2021/04/01,9999/12/31
439,082248,守谷市,,5,2021/04/01,9999/12/31
440,082255,常陸大宮市,,8,2021/04/01,9999/12/31
441,082263,那珂市,,7,2021/04/01,9999/12/31
442,082271,筑西市,,7,2021/04/01,9999/12/31
443,082289,坂東市,,7,2021/04/01,9999/12/31
444,082297,稲敷市,,7,2021/04/01,9999/12/31
445,082305,かすみがうら市,,8,2021/04/01,9999/12/31
446,082313,桜川市,,8,2021/04/01,9999/12/31
447,082321,神栖市,,8,2021/04/01,9999/12/31
448,082339,行方市,,8,2021/04/01,9999/12/31
449,082347,鉾田市,,8,2021/04/01,9999/12/31
450,082354,つくばみらい市,,7,2021/04/01,9999/12/31
451,082362,小美玉市,,8,2021/04/01,9999/12/31
452,083022,茨城町,,8,2021/04/01,9999/12/31
453,083097,大洗町,,7,2021/04/01,9999/12/31
454,083105,城里町,,8,2021/04/01,9999/12/31
455,083410,東海村,,8,2021/04/01,9999/12/31
456,083642,大子町,,8,2021/04/01,9999/12/31
457,084426,美浦村,,8,2021/04/01,9999/12/31
458,084434,阿見町,,7,2021/04/01,9999/12/31
459,084475,河内町,,7,2021/04/01,9999/12/31
460,085217,八千代町,,7,2021/04/01,9999/12/31
461,085423,五霞町,,7,2021/04/01,9999/12/31
462,085464,境町,,7,2021/04/01,9999/12/31
463,085647,利根町,,6,2021/04/01,9999/12/31
464,092015,宇都宮市,,6,2021/04/01,9999/12/31
465,092023,足利市,,8,2021/04/01,9999/12/31
466,092031,栃木市,,7,2021/04/01,9999/12/31
467,092049,佐野市,,8,2021/04/01,9999/12/31
468,092056,鹿沼市,,7,2021/04/01,9999/12/31
469,092064,日光市,,7,2021/04/01,9999/12/31
470,092080,小山市,,7,2021/04/01,9999/12/31
471,092098,真岡市,,7,2021/04/01,9999/12/31
472,092106,大田原市,,7,2021/04/01,9999/12/31
473,092114,矢板市,,8,2021/04/01,9999/12/31
474,092130,那須塩原市,,8,2021/04/01,9999/12/31
475,092148,さくら市,,7,2021/04/01,9999/12/31
476,092155,那須烏山市,,8,2021/04/01,9999/12/31
477,092163,下野市,,6,2021/04/01,9999/12/31
478,093013,上三川町,,8,2021/04/01,9999/12/31
479,093427,益子町,,8,2021/04/01,9999/12/31
480,093435,茂木町,,8,2021/04/01,9999/12/31
481,093443,市貝町,,8,2021/04/01,9999/12/31
482,093450,芳賀町,,8,2021/04/01,9999/12/31
483,093617,壬生町,,7,2021/04/01,9999/12/31
484,093641,野木町,,6,2021/04/01,9999/12/31
485,093849,塩谷町,,8,2021/04/01,9999/12/31
486,093864,高根沢町,,8,2021/04/01,9999/12/31
487,094078,那須町,,8,2021/04/01,9999/12/31
488,094110,那珂川町,,8,2021/04/01,9999/12/31
489,102012,前橋市,,7,2021/04/01,9999/12/31
490,102020,高崎市,,8,2021/04/01,9999/12/31
491,102038,桐生市,,8,2021/04/01,9999/12/31
492,102046,伊勢崎市,,7,2021/04/01,9999/12/31
493,102053,太田市,,7,2021/04/01,9999/12/31
494,102061,沼田市,,8,2021/04/01,9999/12/31
495,102079,館林市,,8,2021/04/01,9999/12/31
496,102087,渋川市,,7,2021/04/01,9999/12/31
497,102095,藤岡市,,8,2021/04/01,9999/12/31
498,102103,富岡市,,8,2021/04/01,9999/12/31
499,102111,安中市,,8,2021/04/01,9999/12/31
500,102129,みどり市,,8,2021/04/01,9999/12/31
501,103440,榛東村,,8,2021/04/01,9999/12/31
502,103457,吉岡町,,8,2021/04/01,9999/12/31
503,103663,上野村,,8,2021/04/01,9999/12/31
504,103671,神流町,,8,2021/04/01,9999/12/31
505,103820,下仁田町,,8,2021/04/01,9999/12/31
506,103838,南牧村,,8,2021/04/01,9999/12/31
507,103846,甘楽町,,8,2021/04/01,9999/12/31
508,104216,中之条町,,8,2021/04/01,9999/12/31
509,104240,長野原町,,8,2021/04/01,9999/12/31
510,104257,嬬恋村,,8,2021/04/01,9999/12/31
511,104265,草津町,,8,2021/04/01,9999/12/31
512,104281,高山村,,8,2021/04/01,9999/12/31
513,104299,東吾妻町,,8,2021/04/01,9999/12/31
514,104430,片品村,,8,2021/04/01,9999/12/31
515,104448,川場村,,8,2021/04/01,9999/12/31
516,104489,昭和村,,8,2021/04/01,9999/12/31
517,104497,みなかみ町,,8,2021/04/01,9999/12/31
518,104646,玉村町,,7,2021/04/01,9999/12/31
519,105213,板倉町,,8,2021/04/01,9999/12/31
520,105221,明和町,,8,2021/04/01,9999/12/31
521,105239,千代田町,,8,2021/04/01,9999/12/31
522,105247,大泉町,,8,2021/04/01,9999/12/31
523,105254,邑楽町,,8,2021/04/01,9999/12/31
524,111005,さいたま市,,3,2021/04/01,9999/12/31
525,112011,川越市,,6,2021/04/01,9999/12/31
526,112037,川口市,,6,2021/04/01,9999/12/31
527,112060,行田市,,6,2021/04/01,9999/12/31
528,112078,秩父市,,8,2021/04/01,9999/12/31
529,112086,所沢市,,6,2021/04/01,9999/12/31
530,112094,飯能市,,6,2021/04/01,9999/12/31
531,112102,加須市,,6,2021/04/01,9999/12/31
532,112110,本庄市,,8,2021/04/01,9999/12/31
533,112128,東松山市,,6,2021/04/01,9999/12/31
534,112144,春日部市,,6,2021/04/01,9999/12/31
535,112151,狭山市,,6,2021/04/01,9999/12/31
536,112169,羽生市,,6,2021/04/01,9999/12/31
537,112177,鴻巣市,,6,2021/04/01,9999/12/31
538,112193,上尾市,,6,2021/04/01,9999/12/31
539,112219,草加市,,6,2021/04/01,9999/12/31
540,112227,越谷市,,6,2021/04/01,9999/12/31
541,112235,蕨市,,6,2021/04/01,9999/12/31
542,112243,戸田市,,6,2021/04/01,9999/12/31
543,112250,入間市,,6,2021/04/01,9999/12/31
544,112276,朝霞市,,4,2021/04/01,9999/12/31
545,112284,志木市,,4,2021/04/01,9999/12/31
546,112292,和光市,,4,2021/04/01,9999/12/31
547,112300,新座市,,5,2021/04/01,9999/12/31
548,112318,桶川市,,6,2021/04/01,9999/12/31
549,112326,久喜市,,6,2021/04/01,9999/12/31
550,112334,北本市,,6,2021/04/01,9999/12/31
551,112342,八潮市,,6,2021/04/01,9999/12/31
552,112359,富士見市,,6,2021/04/01,9999/12/31
553,112375,三郷市,,6,2021/04/01,9999/12/31
554,112383,蓮田市,,6,2021/04/01,9999/12/31
555,112391,坂戸市,,6,2021/04/01,9999/12/31
556,112409,幸手市,,6,2021/04/01,9999/12/31
557,112417,鶴ヶ島市,,6,2021/04/01,9999/12/31
558,112425,日高市,,7,2021/04/01,9999/12/31
559,112433,吉川市,,6,2021/04/01,9999/12/31
560,112458,ふじみ野市,,5,2021/04/01,9999/12/31
561,112466,白岡市,,6,2021/04/01,9999/12/31
562,113019,伊奈町,,6,2021/04/01,9999/12/31
563,113241,三芳町,,6,2021/04/01,9999/12/31
564,113266,毛呂山町,,7,2021/04/01,9999/12/31
565,113274,越生町,,7,2021/04/01,9999/12/31
566,113415,滑川町,,7,2021/04/01,9999/12/31
567,113423,嵐山町,,8,2021/04/01,9999/12/31
568,113431,小川町,,8,2021/04/01,9999/12/31
569,113464,川島町,,7,2021/04/01,9999/12/31
570,113472,吉見町,,7,2021/04/01,9999/12/31
571,113480,鳩山町,,7,2021/04/01,9999/12/31
572,113498,ときがわ町,,8,2021/04/01,9999/12/31
573,113613,横瀬町,,8,2021/04/01,9999/12/31
574,113621,皆野町,,8,2021/04/01,9999/12/31
575,113639,長瀞町,,8,2021/04/01,9999/12/31
576,113654,小鹿野町,,8,2021/04/01,9999/12/31
577,113696,東秩父村,,8,2021/04/01,9999/12/31
578,113811,美里町,,8,2021/04/01,9999/12/31
579,113837,神川町,,8,2021/04/01,9999/12/31
580,113852,上里町,,8,2021/04/01,9999/12/31
581,114421,宮代町,,6,2021/04/01,9999/12/31
582,114645,杉戸町,,6,2021/04/01,9999/12/31
583,114652,松伏町,,6,2021/04/01,9999/12/31
584,112029,大里広域市町村圏組合,埼玉県熊谷市,8,2021/04/01,9999/12/31
585,112185,大里広域市町村圏組合,埼玉県深谷市,8,2021/04/01,9999/12/31
586,114082,大里広域市町村圏組合,埼玉県大里郡寄居町,8,2021/04/01,9999/12/31
587,121012,千葉市,千葉市中央区,3,2021/04/01,9999/12/31
588,121020,千葉市,千葉市花見川区,3,2021/04/01,9999/12/31
589,121038,千葉市,千葉市稲毛区,3,2021/04/01,9999/12/31
590,121046,千葉市,千葉市若葉区,3,2021/04/01,9999/12/31
591,121053,千葉市,千葉市緑区,3,2021/04/01,9999/12/31
592,121061,千葉市,千葉市美浜区,3,2021/04/01,9999/12/31
593,122028,銚子市,,8,2021/04/01,9999/12/31
594,122036,市川市,,5,2021/04/01,9999/12/31
595,122044,船橋市,,4,2021/04/01,9999/12/31
596,122051,館山市,,8,2021/04/01,9999/12/31
597,122069,木更津市,,7,2021/04/01,9999/12/31
598,122077,松戸市,,5,2021/04/01,9999/12/31
599,122085,野田市,,6,2021/04/01,9999/12/31
600,122101,茂原市,,6,2021/04/01,9999/12/31
601,122119,千葉県成田市,,8,2021/04/01,9999/12/31
602,122127,佐倉市,,5,2021/04/01,9999/12/31
603,122135,東金市,,7,2021/04/01,9999/12/31
604,122150,旭市,,8,2021/04/01,9999/12/31
605,122168,習志野市,,4,2021/04/01,9999/12/31
606,122176,千葉県柏市,,8,2021/04/01,9999/12/31
607,122184,勝浦市,,8,2021/04/01,9999/12/31
608,122192,市原市,,5,2021/04/01,9999/12/31
609,122200,千葉県流山市,,8,2021/04/01,9999/12/31
610,122218,千葉県八千代市,,8,2021/04/01,9999/12/31
611,122226,我孫子市,,6,2021/04/01,9999/12/31
612,122234,鴨川市,,8,2021/04/01,9999/12/31
613,122242,鎌ケ谷市,,6,2021/04/01,9999/12/31
614,122259,君津市,,7,2021/04/01,9999/12/31
615,122267,千葉県富津市,,8,2021/04/01,9999/12/31
616,122275,浦安市,,4,2021/04/01,9999/12/31
617,122283,千葉県四街道市,,8,2021/04/01,9999/12/31
618,122291,袖ケ浦市,,6,2021/04/01,9999/12/31
619,122309,八街市,,7,2021/04/01,9999/12/31
620,122317,印西市,,5,2021/04/01,9999/12/31
621,122341,南房総市,,8,2021/04/01,9999/12/31
622,122358,匝瑳市,,8,2021/04/01,9999/12/31
623,122366,香取市,,8,2021/04/01,9999/12/31
624,122374,山武市,,7,2021/04/01,9999/12/31
625,122382,いすみ市,,8,2021/04/01,9999/12/31
626,122390,千葉県大網白里市,,8,2021/04/01,9999/12/31
627,123224,千葉県酒々井町,,8,2021/04/01,9999/12/31
628,123240,富里市,,7,2021/04/01,9999/12/31
629,123265,千葉県白井市,,8,2021/04/01,9999/12/31
630,123299,千葉県栄町,,8,2021/04/01,9999/12/31
631,123422,千葉県神崎町,,8,2021/04/01,9999/12/31
632,123471,多古町,,8,2021/04/01,9999/12/31
633,123497,千葉県東庄町,,8,2021/04/01,9999/12/31
634,124032,九十九里町,,8,2021/04/01,9999/12/31
635,124099,芝山町,,8,2021/04/01,9999/12/31
636,124107,横芝光町,,8,2021/04/01,9999/12/31
637,124214,千葉県一宮町,,8,2021/04/01,9999/12/31
638,124222,千葉県長生郡睦沢町,,8,2021/04/01,9999/12/31
639,124230,千葉県長生郡長生村,,8,2021/04/01,9999/12/31
640,124248,千葉県白子町,,8,2021/04/01,9999/12/31
641,124263,千葉県長生郡長柄町,,8,2021/04/01,9999/12/31
642,124271,千葉県長生郡長南町,,8,2021/04/01,9999/12/31
643,124412,大多喜町,,8,2021/04/01,9999/12/31
644,124438,御宿町,,8,2021/04/01,9999/12/31
645,124636,千葉県鋸南町,,8,2021/04/01,9999/12/31
646,131011,千代田区,,1,2021/04/01,9999/12/31
647,131029,中央区,,1,2021/04/01,9999/12/31
648,131037,港区,,1,2021/04/01,9999/12/31
649,131045,新宿区,,1,2021/04/01,9999/12/31
650,131052,文京区,,1,2021/04/01,9999/12/31
651,131060,台東区,,1,2021/04/01,9999/12/31
652,131078,墨田区,,1,2021/04/01,9999/12/31
653,131086,江東区,,1,2021/04/01,9999/12/31
654,131094,品川区,,1,2021/04/01,9999/12/31
655,131102,目黒区,,1,2021/04/01,9999/12/31
656,131110,大田区,,1,2021/04/01,9999/12/31
657,131128,世田谷区,,1,2021/04/01,9999/12/31
658,131136,渋谷区,,1,2021/04/01,9999/12/31
659,131144,中野区,,1,2021/04/01,9999/12/31
660,131151,杉並区,,1,2021/04/01,9999/12/31
661,131169,豊島区,,1,2021/04/01,9999/12/31
662,131177,北区,,1,2021/04/01,9999/12/31
663,131185,荒川区,,1,2021/04/01,9999/12/31
664,131193,板橋区,,1,2021/04/01,9999/12/31
665,131201,練馬区,,1,2021/04/01,9999/12/31
666,131219,足立区,,1,2021/04/01,9999/12/31
667,131227,葛飾区,,1,2021/04/01,9999/12/31
668,131235,江戸川区,,1,2021/04/01,9999/12/31
669,132019,八王子市,,3,2021/04/01,9999/12/31
670,132027,立川市,,4,2021/04/01,9999/12/31
671,132035,武蔵野市,,3,2021/04/01,9999/12/31
672,132043,三鷹市,,3,2021/04/01,9999/12/31
673,132050,青梅市,,3,2021/04/01,9999/12/31
674,132068,府中市,,3,2021/04/01,9999/12/31
675,132076,昭島市,,4,2021/04/01,9999/12/31
676,132084,調布市,,3,2021/04/01,9999/12/31
677,132092,町田市,,2,2021/04/01,9999/12/31
678,132100,小金井市,,3,2021/04/01,9999/12/31
679,132118,小平市,,3,2021/04/01,9999/12/31
680,132126,日野市,,3,2021/04/01,9999/12/31
681,132134,東村山市,,3,2021/04/01,9999/12/31
682,132142,国分寺市,,3,2021/04/01,9999/12/31
683,132159,国立市,,3,2021/04/01,9999/12/31
684,132183,福生市,,5,2021/04/01,9999/12/31
685,132191,狛江市,,2,2021/04/01,9999/12/31
686,132209,東大和市,,4,2021/04/01,9999/12/31
687,132217,清瀬市,,3,2021/04/01,9999/12/31
688,132225,東久留米市,,3,2021/04/01,9999/12/31
689,132233,武蔵村山市,,6,2021/04/01,9999/12/31
690,132241,多摩市,,2,2021/04/01,9999/12/31
691,132258,稲城市,,3,2021/04/01,9999/12/31
692,132274,羽村市,,6,2021/04/01,9999/12/31
693,132282,あきる野市,,5,2021/04/01,9999/12/31
694,132290,西東京市,,3,2021/04/01,9999/12/31
695,133033,瑞穂町,,6,2021/04/01,9999/12/31
696,133058,日の出町,,5,2021/04/01,9999/12/31
697,133074,檜原村,,6,2021/04/01,9999/12/31
698,133082,奥多摩町,,6,2021/04/01,9999/12/31
699,133611,大島町,,8,2021/04/01,9999/12/31
700,133629,利島村,,8,2021/04/01,9999/12/31
701,133637,新島村,,8,2021/04/01,9999/12/31
702,133645,神津島村,,8,2021/04/01,9999/12/31
703,133819,三宅村,,8,2021/04/01,9999/12/31
704,133827,御蔵島村,,8,2021/04/01,9999/12/31
705,134015,八丈町,,8,2021/04/01,9999/12/31
706,134023,青ヶ島村,,8,2021/04/01,9999/12/31
707,134213,小笠原村,,8,2021/04/01,9999/12/31
708,141010,横浜市,横浜市鶴見区,2,2021/04/01,9999/12/31
709,141028,横浜市,横浜市神奈川区,2,2021/04/01,9999/12/31
710,141036,横浜市,横浜市西区,2,2021/04/01,9999/12/31
711,141044,横浜市,横浜市中区,2,2021/04/01,9999/12/31
712,141051,横浜市,横浜市南区,2,2021/04/01,9999/12/31
713,141069,横浜市,横浜市保土ヶ谷区,2,2021/04/01,9999/12/31
714,141077,横浜市,横浜市磯子区,2,2021/04/01,9999/12/31
715,141085,横浜市,横浜市金沢区,2,2021/04/01,9999/12/31
716,141093,横浜市,横浜市港北区,2,2021/04/01,9999/12/31
717,141101,横浜市,横浜市戸塚区,2,2021/04/01,9999/12/31
718,141119,横浜市,横浜市港南区,2,2021/04/01,9999/12/31
719,141127,横浜市,横浜市旭区,2,2021/04/01,9999/12/31
720,141135,横浜市,横浜市緑区,2,2021/04/01,9999/12/31
721,141143,横浜市,横浜市瀬谷区,2,2021/04/01,9999/12/31
722,141150,横浜市,横浜市栄区,2,2021/04/01,9999/12/31
723,141168,横浜市,横浜市泉区,2,2021/04/01,9999/12/31
724,141176,横浜市,横浜市青葉区,2,2021/04/01,9999/12/31
725,141184,横浜市,横浜市都筑区,2,2021/04/01,9999/12/31
726,141317,川崎市,川崎市川崎区,2,2021/04/01,9999/12/31
727,141325,川崎市,川崎市幸区,2,2021/04/01,9999/12/31
728,141333,川崎市,川崎市中原区,2,2021/04/01,9999/12/31
729,141341,川崎市,川崎市高津区,2,2021/04/01,9999/12/31
730,141358,川崎市,川崎市多摩区,2,2021/04/01,9999/12/31
731,141366,川崎市,川崎市宮前区,2,2021/04/01,9999/12/31
732,141374,川崎市,川崎市麻生区,2,2021/04/01,9999/12/31
733,141507,相模原市,,4,2021/04/01,9999/12/31
734,142018,横須賀市,,5,2021/04/01,9999/12/31
735,142034,平塚市,,5,2021/04/01,9999/12/31
736,142042,鎌倉市,,3,2021/04/01,9999/12/31
737,142059,藤沢市,,4,2021/04/01,9999/12/31
738,142067,小田原市,,5,2021/04/01,9999/12/31
739,142075,茅ヶ崎市,,5,2021/04/01,9999/12/31
740,142083,逗子市,,4,2021/04/01,9999/12/31
741,142109,三浦市,,6,2021/04/01,9999/12/31
742,142117,秦野市,,6,2021/04/01,9999/12/31
743,142125,厚木市,,4,2021/04/01,9999/12/31
744,142133,大和市,,5,2021/04/01,9999/12/31
745,142141,伊勢原市,,5,2021/04/01,9999/12/31
746,142158,海老名市,,4,2021/04/01,9999/12/31
747,142166,座間市,,5,2021/04/01,9999/12/31
748,142174,南足柄市,,8,2021/04/01,9999/12/31
749,142182,綾瀬市,,5,2021/04/01,9999/12/31
750,143016,葉山町,,6,2021/04/01,9999/12/31
751,143214,寒川町,,5,2021/04/01,9999/12/31
752,143412,大磯町,,6,2021/04/01,9999/12/31
753,143420,二宮町,,6,2021/04/01,9999/12/31
754,143610,中井町,,8,2021/04/01,9999/12/31
755,143628,大井町,,8,2021/04/01,9999/12/31
756,143636,松田町,,8,2021/04/01,9999/12/31
757,143644,山北町,,7,2021/04/01,9999/12/31
758,143669,開成町,,8,2021/04/01,9999/12/31
759,143826,箱根町,,7,2021/04/01,9999/12/31
760,143834,真鶴町,,8,2021/04/01,9999/12/31
761,143842,湯河原町,,8,2021/04/01,9999/12/31
762,144014,愛川町,,5,2021/04/01,9999/12/31
763,144022,清川村,,6,2021/04/01,9999/12/31
764,151001,新潟市,,7,2021/04/01,9999/12/31
765,152025,長岡市,,8,2021/04/01,9999/12/31
766,152041,三条市,,8,2021/04/01,9999/12/31
767,152058,柏崎市,,8,2021/04/01,9999/12/31
768,152066,新発田市,,8,2021/04/01,9999/12/31
769,152082,小千谷市,,8,2021/04/01,9999/12/31
770,152090,加茂市,,8,2021/04/01,9999/12/31
771,152108,十日町市,,8,2021/04/01,9999/12/31
772,152116,見附市,,8,2021/04/01,9999/12/31
773,152124,村上市,,8,2021/04/01,9999/12/31
774,152132,燕市,,8,2021/04/01,9999/12/31
775,152165,糸魚川市,,8,2021/04/01,9999/12/31
776,152173,妙高市,,8,2021/04/01,9999/12/31
777,152181,五泉市,,8,2021/04/01,9999/12/31
778,152223,上越市,,8,2021/04/01,9999/12/31
779,152231,阿賀野市,,8,2021/04/01,9999/12/31
780,152249,佐渡市,,8,2021/04/01,9999/12/31
781,152256,魚沼市,,8,2021/04/01,9999/12/31
782,152264,南魚沼市,,8,2021/04/01,9999/12/31
783,152272,胎内市,,8,2021/04/01,9999/12/31
784,153072,聖籠町,,8,2021/04/01,9999/12/31
785,153429,弥彦村,,8,2021/04/01,9999/12/31
786,153619,田上町,,8,2021/04/01,9999/12/31
787,153858,阿賀町,,8,2021/04/01,9999/12/31
788,154054,出雲崎町,,8,2021/04/01,9999/12/31
789,154617,湯沢町,,8,2021/04/01,9999/12/31
790,154823,津南町,,8,2021/04/01,9999/12/31
791,155044,刈羽村,,8,2021/04/01,9999/12/31
792,155812,関川村,,8,2021/04/01,9999/12/31
793,155861,粟島浦村,,8,2021/04/01,9999/12/31
794,162016,富山市,,7,2021/04/01,9999/12/31
795,162024,高岡市,,8,2021/04/01,9999/12/31
796,162040,魚津市,,8,2021/04/01,9999/12/31
797,162057,氷見市,,8,2021/04/01,9999/12/31
798,162065,滑川市,,8,2021/04/01,9999/12/31
799,162115,射水市,,8,2021/04/01,9999/12/31
800,163212,中新川広域行政事務組合,富山県中新川郡舟橋村,8,2021/04/01,9999/12/31
801,163220,中新川広域行政事務組合,富山県中新川郡上市町,8,2021/04/01,9999/12/31
802,163238,中新川広域行政事務組合,富山県中新川郡立山町,8,2021/04/01,9999/12/31
803,162081,砺波地方介護保険組合,富山県砺波市,8,2021/04/01,9999/12/31
804,162099,砺波地方介護保険組合,富山県小矢部市,8,2021/04/01,9999/12/31
805,162107,砺波地方介護保険組合,富山県南砺市,8,2021/04/01,9999/12/31
806,162073,新川地域介護保険・ケーブルテレビ事業組合,富山県黒部市,8,2021/04/01,9999/12/31
807,163428,新川地域介護保険・ケーブルテレビ事業組合,富山県下新川郡入善町,8,2021/04/01,9999/12/31
808,163436,新川地域介護保険・ケーブルテレビ事業組合,富山県下新川郡朝日町,8,2021/04/01,9999/12/31
809,172015,金沢市,,7,2021/04/01,9999/12/31
810,172023,七尾市,,8,2021/04/01,9999/12/31
811,172031,小松市,,8,2021/04/01,9999/12/31
812,172049,輪島市,,8,2021/04/01,9999/12/31
813,172056,珠洲市,,8,2021/04/01,9999/12/31
814,172064,加賀市,,8,2021/04/01,9999/12/31
815,172072,羽咋市,,8,2021/04/01,9999/12/31
816,172098,かほく市,,8,2021/04/01,9999/12/31
817,172106,白山市,,8,2021/04/01,9999/12/31
818,172114,能美市,,8,2021/04/01,9999/12/31
819,172122,野々市市,,8,2021/04/01,9999/12/31
820,173245,川北町,,8,2021/04/01,9999/12/31
821,173617,津幡町,,8,2021/04/01,9999/12/31
822,173658,内灘町,,7,2021/04/01,9999/12/31
823,173849,志賀町,,8,2021/04/01,9999/12/31
824,173864,宝達志水町,,8,2021/04/01,9999/12/31
825,174078,中能登町,,8,2021/04/01,9999/12/31
826,174615,穴水町,,8,2021/04/01,9999/12/31
827,174631,能登町,,8,2021/04/01,9999/12/31
828,182014,福井市,,7,2021/04/01,9999/12/31
829,182022,敦賀市,,8,2021/04/01,9999/12/31
830,182048,小浜市,,8,2021/04/01,9999/12/31
831,182055,大野市,,8,2021/04/01,9999/12/31
832,182063,勝山市,,8,2021/04/01,9999/12/31
833,182071,鯖江市,,8,2021/04/01,9999/12/31
834,182097,越前市,,8,2021/04/01,9999/12/31
835,183228,永平寺町,,8,2021/04/01,9999/12/31
836,183822,池田町,,8,2021/04/01,9999/12/31
837,184044,南越前町,,8,2021/04/01,9999/12/31
838,184234,越前町,,8,2021/04/01,9999/12/31
839,184424,美浜町,,8,2021/04/01,9999/12/31
840,184812,高浜町,,8,2021/04/01,9999/12/31
841,184838,おおい町,,8,2021/04/01,9999/12/31
842,185017,若狭町,,8,2021/04/01,9999/12/31
843,182089,坂井地区広域連合,福井県あわら市,8,2021/04/01,9999/12/31
844,182105,坂井地区広域連合,福井県坂井市,8,2021/04/01,9999/12/31
845,192013,甲府市,,7,2021/04/01,9999/12/31
846,192021,富士吉田市,,8,2021/04/01,9999/12/31
847,192047,都留市,,8,2021/04/01,9999/12/31
848,192054,山梨市,,8,2021/04/01,9999/12/31
849,192062,大月市,,8,2021/04/01,9999/12/31
850,192070,韮崎市,,8,2021/04/01,9999/12/31
851,192088,南アルプス市,,8,2021/04/01,9999/12/31
852,192096,北杜市,,8,2021/04/01,9999/12/31
853,192104,甲斐市,,8,2021/04/01,9999/12/31
854,192112,笛吹市,,8,2021/04/01,9999/12/31
855,192120,上野原市,,8,2021/04/01,9999/12/31
856,192138,甲州市,,8,2021/04/01,9999/12/31
857,192146,中央市,,8,2021/04/01,9999/12/31
858,193466,市川三郷町,,8,2021/04/01,9999/12/31
859,193649,早川町,,8,2021/04/01,9999/12/31
860,193656,身延町,,8,2021/04/01,9999/12/31
861,193664,南部町,,8,2021/04/01,9999/12/31
862,193680,富士川町,,8,2021/04/01,9999/12/31
863,193847,昭和町,,8,2021/04/01,9999/12/31
864,194225,道志村,,8,2021/04/01,9999/12/31
865,194233,南都留郡西桂町,,8,2021/04/01,9999/12/31
866,194241,忍野村,,8,2021/04/01,9999/12/31
867,194258,山中湖村,,8,2021/04/01,9999/12/31
868,194290,鳴沢村,,8,2021/04/01,9999/12/31
869,194308,富士河口湖町,,8,2021/04/01,9999/12/31
870,194423,小菅村,,8,2021/04/01,9999/12/31
871,194431,丹波山村,,8,2021/04/01,9999/12/31
872,202010,長野市,,7,2021/04/01,9999/12/31
873,202028,松本市,,7,2021/04/01,9999/12/31
874,202036,上田市,,8,2021/04/01,9999/12/31
875,202051,飯田市,,8,2021/04/01,9999/12/31
876,202077,須坂市,,8,2021/04/01,9999/12/31
877,202085,小諸市,,8,2021/04/01,9999/12/31
878,202093,伊那市,,8,2021/04/01,9999/12/31
879,202101,駒ヶ根市,,8,2021/04/01,9999/12/31
880,202119,中野市,,8,2021/04/01,9999/12/31
881,202135,飯山市,,8,2021/04/01,9999/12/31
882,202150,塩尻市,,7,2021/04/01,9999/12/31
883,202176,佐久市,,8,2021/04/01,9999/12/31
884,202184,千曲市,,8,2021/04/01,9999/12/31
885,202192,東御市,,8,2021/04/01,9999/12/31
886,202200,安曇野市,,8,2021/04/01,9999/12/31
887,203034,小海町,,8,2021/04/01,9999/12/31
888,203042,川上村,,8,2021/04/01,9999/12/31
889,203059,南牧村,,8,2021/04/01,9999/12/31
890,203067,南相木村,,8,2021/04/01,9999/12/31
891,203075,北相木村,,8,2021/04/01,9999/12/31
892,203091,佐久穂町,,8,2021/04/01,9999/12/31
893,203216,軽井沢町,,8,2021/04/01,9999/12/31
894,203232,御代田町,,8,2021/04/01,9999/12/31
895,203240,立科町,,8,2021/04/01,9999/12/31
896,203497,青木村,,8,2021/04/01,9999/12/31
897,203505,長和町,,8,2021/04/01,9999/12/31
898,203828,辰野町,,8,2021/04/01,9999/12/31
899,203836,箕輪町,,8,2021/04/01,9999/12/31
900,203844,飯島町,,8,2021/04/01,9999/12/31
901,203851,南箕輪村,,8,2021/04/01,9999/12/31
902,203869,中川村,,8,2021/04/01,9999/12/31
903,203885,宮田村,,8,2021/04/01,9999/12/31
904,204024,松川町,,8,2021/04/01,9999/12/31
905,204032,高森町,,8,2021/04/01,9999/12/31
906,204040,阿南町,,8,2021/04/01,9999/12/31
907,204073,阿智村,,8,2021/04/01,9999/12/31
908,204099,平谷村,,8,2021/04/01,9999/12/31
909,204107,根羽村,,8,2021/04/01,9999/12/31
910,204115,下條村,,8,2021/04/01,9999/12/31
911,204123,売木村,,8,2021/04/01,9999/12/31
912,204131,天龍村,,8,2021/04/01,9999/12/31
913,204149,泰阜村,,8,2021/04/01,9999/12/31
914,204156,喬木村,,8,2021/04/01,9999/12/31
915,204164,豊丘村,,8,2021/04/01,9999/12/31
916,204172,大鹿村,,8,2021/04/01,9999/12/31
917,204461,麻績村,,8,2021/04/01,9999/12/31
918,204487,生坂村,,8,2021/04/01,9999/12/31
919,204503,山形村,,8,2021/04/01,9999/12/31
920,204511,朝日村,,8,2021/04/01,9999/12/31
921,204529,筑北村,,8,2021/04/01,9999/12/31
922,205211,坂城町,,8,2021/04/01,9999/12/31
923,205419,小布施町,,8,2021/04/01,9999/12/31
924,205435,高山村,,8,2021/04/01,9999/12/31
925,205617,山ノ内町,,8,2021/04/01,9999/12/31
926,205625,木島平村,,8,2021/04/01,9999/12/31
927,205633,野沢温泉村,,8,2021/04/01,9999/12/31
928,205831,信濃町,,8,2021/04/01,9999/12/31
929,205880,小川村,,8,2021/04/01,9999/12/31
930,205906,飯綱町,,8,2021/04/01,9999/12/31
931,206029,栄村,,8,2021/04/01,9999/12/31
932,202127,北アルプス広域連合,長野県大町市,8,2021/04/01,9999/12/31
933,204818,北アルプス広域連合,長野県北安曇郡池田町,8,2021/04/01,9999/12/31
934,204826,北アルプス広域連合,長野県北安曇郡松川村,8,2021/04/01,9999/12/31
935,204859,北アルプス広域連合,長野県北安曇郡白馬村,8,2021/04/01,9999/12/31
936,204867,北アルプス広域連合,長野県北安曇郡小谷村,8,2021/04/01,9999/12/31
937,204222,木曽広域連合,長野県木曽郡上松町,8,2021/04/01,9999/12/31
938,204230,木曽広域連合,長野県木曽郡南木曽町,8,2021/04/01,9999/12/31
939,204255,木曽広域連合,長野県木曽郡木祖村,8,2021/04/01,9999/12/31
940,204297,木曽広域連合,長野県木曽郡王滝村,8,2021/04/01,9999/12/31
941,204305,木曽広域連合,長野県木曽郡大桑村,8,2021/04/01,9999/12/31
942,204321,木曽広域連合,長野県木曽郡木曽町,8,2021/04/01,9999/12/31
943,202044,諏訪広域連合,長野県岡谷市,8,2021/04/01,9999/12/31
944,202069,諏訪広域連合,長野県諏訪市,8,2021/04/01,9999/12/31
945,202143,諏訪広域連合,長野県茅野市,8,2021/04/01,9999/12/31
946,203612,諏訪広域連合,長野県諏訪郡下諏訪町,8,2021/04/01,9999/12/31
947,203620,諏訪広域連合,長野県諏訪郡富士見町,8,2021/04/01,9999/12/31
948,203638,諏訪広域連合,長野県諏訪郡原村,8,2021/04/01,9999/12/31
949,212019,岐阜市,,6,2021/04/01,9999/12/31
950,212027,大垣市,,7,2021/04/01,9999/12/31
951,212035,高山市,,8,2021/04/01,9999/12/31
952,212043,多治見市,,7,2021/04/01,9999/12/31
953,212050,関市,,8,2021/04/01,9999/12/31
954,212068,中津川市,,8,2021/04/01,9999/12/31
955,212076,美濃市,,8,2021/04/01,9999/12/31
956,212084,瑞浪市,,8,2021/04/01,9999/12/31
957,212092,羽島市,,8,2021/04/01,9999/12/31
958,212100,恵那市,,8,2021/04/01,9999/12/31
959,212118,美濃加茂市,,8,2021/04/01,9999/12/31
960,212126,土岐市,,8,2021/04/01,9999/12/31
961,212134,各務原市,,7,2021/04/01,9999/12/31
962,212142,可児市,,7,2021/04/01,9999/12/31
963,212159,山県市,,8,2021/04/01,9999/12/31
964,212175,飛騨市,,8,2021/04/01,9999/12/31
965,212191,郡上市,,8,2021/04/01,9999/12/31
966,212209,下呂市,,8,2021/04/01,9999/12/31
967,212217,海津市,,8,2021/04/01,9999/12/31
968,213025,岐南町,,8,2021/04/01,9999/12/31
969,213033,笠松町,,8,2021/04/01,9999/12/31
970,213413,養老町,,8,2021/04/01,9999/12/31
971,213611,垂井町,,8,2021/04/01,9999/12/31
972,213629,関ヶ原町,,8,2021/04/01,9999/12/31
973,215012,坂祝町,,8,2021/04/01,9999/12/31
974,215020,富加町,,8,2021/04/01,9999/12/31
975,215038,川辺町,,8,2021/04/01,9999/12/31
976,215046,七宗町,,8,2021/04/01,9999/12/31
977,215053,八百津町,,8,2021/04/01,9999/12/31
978,215061,白川町,,8,2021/04/01,9999/12/31
979,215079,東白川村,,8,2021/04/01,9999/12/31
980,215210,御嵩町,,8,2021/04/01,9999/12/31
981,216044,白川村,,8,2021/04/01,9999/12/31
982,213819,安八郡広域連合,岐阜県安八郡神戸町,8,2021/04/01,9999/12/31
983,213827,安八郡広域連合,岐阜県安八郡輪之内町,8,2021/04/01,9999/12/31
984,213835,安八郡広域連合,岐阜県安八郡安八町,8,2021/04/01,9999/12/31
985,214015,揖斐広域連合,岐阜県揖斐郡揖斐川町,8,2021/04/01,9999/12/31
986,214031,揖斐広域連合,岐阜県揖斐郡大野町,8,2021/04/01,9999/12/31
987,214049,揖斐広域連合,岐阜県揖斐郡池田町,8,2021/04/01,9999/12/31
988,212167,もとす広域連合,岐阜県瑞穂市,8,2021/04/01,9999/12/31
989,212183,もとす広域連合,岐阜県本巣市,8,2021/04/01,9999/12/31
990,214213,もとす広域連合,岐阜県本巣郡北方町,8,2021/04/01,9999/12/31
991,221002,静岡市,,6,2021/04/01,9999/12/31
992,221309,浜松市,,7,2021/04/01,9999/12/31
993,222034,沼津市,,7,2021/04/01,9999/12/31
994,222059,熱海市,,8,2021/04/01,9999/12/31
995,222067,三島市,,7,2021/04/01,9999/12/31
996,222075,富士宮市,,7,2021/04/01,9999/12/31
997,222083,伊東市,,8,2021/04/01,9999/12/31
998,222091,島田市,,7,2021/04/01,9999/12/31
999,222109,富士市,,7,2021/04/01,9999/12/31
1000,222117,磐田市,,7,2021/04/01,9999/12/31
1001,222125,焼津市,,7,2021/04/01,9999/12/31
1002,222133,掛川市,,7,2021/04/01,9999/12/31
1003,222141,藤枝市,,7,2021/04/01,9999/12/31
1004,222158,御殿場市,,7,2021/04/01,9999/12/31
1005,222166,袋井市,,7,2021/04/01,9999/12/31
1006,222190,下田市,,8,2021/04/01,9999/12/31
1007,222208,裾野市,,7,2021/04/01,9999/12/31
1008,222216,湖西市,,8,2021/04/01,9999/12/31
1009,222224,伊豆市,,8,2021/04/01,9999/12/31
1010,222232,御前崎市,,8,2021/04/01,9999/12/31
1011,222240,菊川市,,8,2021/04/01,9999/12/31
1012,222257,伊豆の国市,,8,2021/04/01,9999/12/31
1013,222265,牧之原市,,8,2021/04/01,9999/12/31
1014,223016,東伊豆町,,8,2021/04/01,9999/12/31
1015,223024,河津町,,8,2021/04/01,9999/12/31
1016,223040,南伊豆町,,8,2021/04/01,9999/12/31
1017,223057,松崎町,,8,2021/04/01,9999/12/31
1018,223065,西伊豆町,,8,2021/04/01,9999/12/31
1019,223255,函南町,,7,2021/04/01,9999/12/31
1020,223412,清水町,,7,2021/04/01,9999/12/31
1021,223420,長泉町,,7,2021/04/01,9999/12/31
1022,223446,小山町,,7,2021/04/01,9999/12/31
1023,224246,吉田町,,8,2021/04/01,9999/12/31
1024,224295,川根本町,,7,2021/04/01,9999/12/31
1025,224618,森町,,7,2021/04/01,9999/12/31
1026,231019,名古屋市,名古屋市千種区,3,2021/04/01,9999/12/31
1027,231027,名古屋市,名古屋市東区,3,2021/04/01,9999/12/31
1028,231035,名古屋市,名古屋市北区,3,2021/04/01,9999/12/31
1029,231043,名古屋市,名古屋市西区,3,2021/04/01,9999/12/31
1030,231050,名古屋市,名古屋市中村区,3,2021/04/01,9999/12/31
1031,231068,名古屋市,名古屋市中区,3,2021/04/01,9999/12/31
1032,231076,名古屋市,名古屋市昭和区,3,2021/04/01,9999/12/31
1033,231084,名古屋市,名古屋市瑞穂区,3,2021/04/01,9999/12/31
1034,231092,名古屋市,名古屋市熱田区,3,2021/04/01,9999/12/31
1035,231100,名古屋市,名古屋市中川区,3,2021/04/01,9999/12/31
1036,231118,名古屋市,名古屋市港区,3,2021/04/01,9999/12/31
1037,231126,名古屋市,名古屋市南区,3,2021/04/01,9999/12/31
1038,231134,名古屋市,名古屋市守山区,3,2021/04/01,9999/12/31
1039,231142,名古屋市,名古屋市緑区,3,2021/04/01,9999/12/31
1040,231159,名古屋市,名古屋市名東区,3,2021/04/01,9999/12/31
1041,231167,名古屋市,名古屋市天白区,3,2021/04/01,9999/12/31
1042,232017,東三河広域連合,豊橋市,8,2021/04/01,9999/12/31
1043,232025,岡崎市,,6,2021/04/01,9999/12/31
1044,232033,一宮市,,7,2021/04/01,9999/12/31
1045,232041,瀬戸市,,6,2021/04/01,9999/12/31
1046,232058,半田市,,7,2021/04/01,9999/12/31
1047,232066,春日井市,,6,2021/04/01,9999/12/31
1048,232074,東三河広域連合,豊川市,8,2021/04/01,9999/12/31
1049,232082,津島市,,6,2021/04/01,9999/12/31
1050,232090,碧南市,,6,2021/04/01,9999/12/31
1051,232108,刈谷市,,4,2021/04/01,9999/12/31
1052,232116,豊田市,,4,2021/04/01,9999/12/31
1053,232124,安城市,,6,2021/04/01,9999/12/31
1054,232132,西尾市,,6,2021/04/01,9999/12/31
1055,232140,東三河広域連合,蒲郡市,8,2021/04/01,9999/12/31
1056,232157,犬山市,,7,2021/04/01,9999/12/31
1057,232165,常滑市,,7,2021/04/01,9999/12/31
1058,232173,江南市,,7,2021/04/01,9999/12/31
1059,232199,小牧市,,7,2021/04/01,9999/12/31
1060,232207,稲沢市,,6,2021/04/01,9999/12/31
1061,232215,東三河広域連合,新城市,8,2021/04/01,9999/12/31
1062,232256,知立市,,6,2021/04/01,9999/12/31
1063,232264,尾張旭市,,7,2021/04/01,9999/12/31
1064,232272,高浜市,,7,2021/04/01,9999/12/31
1065,232280,岩倉市,,7,2021/04/01,9999/12/31
1066,232298,豊明市,,6,2021/04/01,9999/12/31
1067,232306,日進市,,6,2021/04/01,9999/12/31
1068,232314,東三河広域連合,田原市,8,2021/04/01,9999/12/31
1069,232322,愛西市,,6,2021/04/01,9999/12/31
1070,232330,清須市,,6,2021/04/01,9999/12/31
1071,232348,北名古屋市,,6,2021/04/01,9999/12/31
1072,232355,弥富市,,6,2021/04/01,9999/12/31
1073,232363,みよし市,,5,2021/04/01,9999/12/31
1074,232371,あま市,,6,2021/04/01,9999/12/31
1075,232389,長久手市,,6,2021/04/01,9999/12/31
1076,233023,東郷町,,6,2021/04/01,9999/12/31
1077,233429,豊山町,,6,2021/04/01,9999/12/31
1078,233619,大口町,,7,2021/04/01,9999/12/31
1079,233627,扶桑町,,7,2021/04/01,9999/12/31
1080,234245,大治町,,6,2021/04/01,9999/12/31
1081,234252,蟹江町,,6,2021/04/01,9999/12/31
1082,234278,飛島村,,6,2021/04/01,9999/12/31
1083,234419,阿久比町,,7,2021/04/01,9999/12/31
1084,234450,南知多町,,8,2021/04/01,9999/12/31
1085,234468,美浜町,,8,2021/04/01,9999/12/31
1086,234476,武豊町,,8,2021/04/01,9999/12/31
1087,235010,幸田町,,7,2021/04/01,9999/12/31
1088,235614,東三河広域連合,設楽町,8,2021/04/01,9999/12/31
1089,235622,東三河広域連合,東栄町,8,2021/04/01,9999/12/31
1090,235630,東三河広域連合,豊根村,8,2021/04/01,9999/12/31
1091,232223,知多北部広域連合,愛知県東海市,8,2021/04/01,9999/12/31
1092,232231,知多北部広域連合,愛知県大府市,8,2021/04/01,9999/12/31
1093,232249,知多北部広域連合,愛知県知多市,8,2021/04/01,9999/12/31
1094,234427,知多北部広域連合,愛知県知多郡東浦町,8,2021/04/01,9999/12/31
1095,242016,津市,,6,2021/04/01,9999/12/31
1096,242024,四日市市,,6,2021/04/01,9999/12/31
1097,242032,伊勢市,,8,2021/04/01,9999/12/31
1098,242040,松阪市,,8,2021/04/01,9999/12/31
1099,242057,桑名市,,6,2021/04/01,9999/12/31
1100,242081,名張市,,7,2021/04/01,9999/12/31
1101,242115,鳥羽市,,8,2021/04/01,9999/12/31
1102,242149,いなべ市,,7,2021/04/01,9999/12/31
1103,242156,志摩市,,8,2021/04/01,9999/12/31
1104,242164,伊賀市,,7,2021/04/01,9999/12/31
1105,243030,木曽岬町,,7,2021/04/01,9999/12/31
1106,243246,東員町,,7,2021/04/01,9999/12/31
1107,243410,菰野町,,7,2021/04/01,9999/12/31
1108,243436,朝日町,,7,2021/04/01,9999/12/31
1109,243444,川越町,,7,2021/04/01,9999/12/31
1110,244418,多気町,,8,2021/04/01,9999/12/31
1111,244426,明和町,,8,2021/04/01,9999/12/31
1112,244434,大台町,,8,2021/04/01,9999/12/31
1113,244616,玉城町,,8,2021/04/01,9999/12/31
1114,244707,度会町,,8,2021/04/01,9999/12/31
1115,244715,大紀町,,8,2021/04/01,9999/12/31
1116,244723,南伊勢町,,8,2021/04/01,9999/12/31
1117,242099,紀北広域連合,三重県尾鷲市,8,2021/04/01,9999/12/31
1118,245431,紀北広域連合,三重県北牟婁郡紀北町,8,2021/04/01,9999/12/31
1119,242123,紀南介護保険広域連合,三重県熊野市,8,2021/04/01,9999/12/31
1120,245613,紀南介護保険広域連合,三重県南牟婁郡御浜町,8,2021/04/01,9999/12/31
1121,245621,紀南介護保険広域連合,三重県南牟婁郡紀宝町,8,2021/04/01,9999/12/31
1122,242073,鈴鹿亀山地区広域連合,三重県鈴鹿市,8,2021/04/01,9999/12/31
1123,242107,鈴鹿亀山地区広域連合,三重県亀山市,8,2021/04/01,9999/12/31
1124,252015,大津市,,5,2021/04/01,9999/12/31
1125,252023,彦根市,,6,2021/04/01,9999/12/31
1126,252031,長浜市,,7,2021/04/01,9999/12/31
1127,252049,近江八幡市,,8,2021/04/01,9999/12/31
1128,252064,草津市,,5,2021/04/01,9999/12/31
1129,252072,守山市,,6,2021/04/01,9999/12/31
1130,252098,甲賀市,,6,2021/04/01,9999/12/31
1131,252106,野洲市,,7,2021/04/01,9999/12/31
1132,252114,湖南市,,7,2021/04/01,9999/12/31
1133,252122,高島市,,7,2021/04/01,9999/12/31
1134,252130,東近江市,,7,2021/04/01,9999/12/31
1135,252148,米原市,,8,2021/04/01,9999/12/31
1136,253211,栗東市,,5,2021/04/01,9999/12/31
1137,253831,日野町,,7,2021/04/01,9999/12/31
1138,253849,竜王町,,8,2021/04/01,9999/12/31
1139,254250,愛荘町,,8,2021/04/01,9999/12/31
1140,254417,豊郷町,,8,2021/04/01,9999/12/31
1141,254425,甲良町,,8,2021/04/01,9999/12/31
1142,254433,多賀町,,8,2021/04/01,9999/12/31
1143,261016,京都市,京都市北区,5,2021/04/01,9999/12/31
1144,261024,京都市,京都市上京区,5,2021/04/01,9999/12/31
1145,261032,京都市,京都市左京区,5,2021/04/01,9999/12/31
1146,261040,京都市,京都市中京区,5,2021/04/01,9999/12/31
1147,261057,京都市,京都市東山区,5,2021/04/01,9999/12/31
1148,261065,京都市,京都市下京区,5,2021/04/01,9999/12/31
1149,261073,京都市,京都市南区,5,2021/04/01,9999/12/31
1150,261081,京都市,京都市右京区,5,2021/04/01,9999/12/31
1151,261099,京都市,京都市伏見区,5,2021/04/01,9999/12/31
1152,261107,京都市,京都市山科区,5,2021/04/01,9999/12/31
1153,261115,京都市,京都市西京区,5,2021/04/01,9999/12/31
1154,262014,福知山市,,8,2021/04/01,9999/12/31
1155,262022,舞鶴市,,8,2021/04/01,9999/12/31
1156,262030,綾部市,,8,2021/04/01,9999/12/31
1157,262048,宇治市,,6,2021/04/01,9999/12/31
1158,262055,宮津市,,8,2021/04/01,9999/12/31
1159,262063,亀岡市,,6,2021/04/01,9999/12/31
1160,262071,城陽市,,7,2021/04/01,9999/12/31
1161,262089,向日市,,6,2021/04/01,9999/12/31
1162,262097,長岡京市,,6,2021/04/01,9999/12/31
1163,262105,八幡市,,6,2021/04/01,9999/12/31
1164,262113,京田辺市,,6,2021/04/01,9999/12/31
1165,262121,京丹後市,,8,2021/04/01,9999/12/31
1166,262139,南丹市,,8,2021/04/01,9999/12/31
1167,262147,木津川市,,6,2021/04/01,9999/12/31
1168,263038,大山崎町,,7,2021/04/01,9999/12/31
1169,263228,久御山町,,7,2021/04/01,9999/12/31
1170,263434,井手町,,8,2021/04/01,9999/12/31
1171,263442,宇治田原町,,8,2021/04/01,9999/12/31
1172,263640,笠置町,,8,2021/04/01,9999/12/31
1173,263657,和束町,,8,2021/04/01,9999/12/31
1174,263665,精華町,,6,2021/04/01,9999/12/31
1175,263673,南山城村,,8,2021/04/01,9999/12/31
1176,264077,京丹波町,,8,2021/04/01,9999/12/31
1177,264630,伊根町,,8,2021/04/01,9999/12/31
1178,264655,与謝野町,,8,2021/04/01,9999/12/31
1179,271007,大阪市,,2,2021/04/01,9999/12/31
1180,271403,堺市,,5,2021/04/01,9999/12/31
1181,272021,岸和田市,,6,2021/04/01,9999/12/31
1182,272039,豊中市,,4,2021/04/01,9999/12/31
1183,272047,池田市,,4,2021/04/01,9999/12/31
1184,272054,吹田市,,4,2021/04/01,9999/12/31
1185,272062,泉大津市,,6,2021/04/01,9999/12/31
1186,272070,高槻市,,4,2021/04/01,9999/12/31
1187,272088,貝塚市,,6,2021/04/01,9999/12/31
1188,272104,枚方市,,5,2021/04/01,9999/12/31
1189,272112,茨木市,,5,2021/04/01,9999/12/31
1190,272120,八尾市,,5,2021/04/01,9999/12/31
1191,272138,泉佐野市,,6,2021/04/01,9999/12/31
1192,272146,富田林市,,6,2021/04/01,9999/12/31
1193,272153,寝屋川市,,4,2021/04/01,9999/12/31
1194,272161,河内長野市,,6,2021/04/01,9999/12/31
1195,272179,松原市,,5,2021/04/01,9999/12/31
1196,272187,大東市,,3,2021/04/01,9999/12/31
1197,272195,和泉市,,6,2021/04/01,9999/12/31
1198,272203,箕面市,,4,2021/04/01,9999/12/31
1199,272211,柏原市,,6,2021/04/01,9999/12/31
1200,272229,羽曳野市,,6,2021/04/01,9999/12/31
1201,272245,摂津市,,5,2021/04/01,9999/12/31
1202,272252,高石市,,5,2021/04/01,9999/12/31
1203,272260,藤井寺市,,6,2021/04/01,9999/12/31
1204,272278,東大阪市,,5,2021/04/01,9999/12/31
1205,272286,泉南市,,6,2021/04/01,9999/12/31
1206,272302,交野市,,5,2021/04/01,9999/12/31
1207,272310,大阪狭山市,,6,2021/04/01,9999/12/31
1208,272328,阪南市,,6,2021/04/01,9999/12/31
1209,273011,島本町,,6,2021/04/01,9999/12/31
1210,273219,豊能町,,6,2021/04/01,9999/12/31
1211,273227,能勢町,,6,2021/04/01,9999/12/31
1212,273417,忠岡町,,6,2021/04/01,9999/12/31
1213,273615,熊取町,,6,2021/04/01,9999/12/31
1214,273623,田尻町,,6,2021/04/01,9999/12/31
1215,273664,岬町,,6,2021/04/01,9999/12/31
1216,273813,太子町,,6,2021/04/01,9999/12/31
1217,273821,河南町,,6,2021/04/01,9999/12/31
1218,273839,千早赤阪村,,6,2021/04/01,9999/12/31
1219,272096,くすのき広域連合,大阪府守口市,8,2021/04/01,9999/12/31
1220,272237,くすのき広域連合,大阪府門真市,8,2021/04/01,9999/12/31
1221,272294,くすのき広域連合,大阪府四條畷市,8,2021/04/01,9999/12/31
1222,281014,神戸市,神戸市東灘区,4,2021/04/01,9999/12/31
1223,281022,神戸市,神戸市灘区,4,2021/04/01,9999/12/31
1224,281055,神戸市,神戸市兵庫区,4,2021/04/01,9999/12/31
1225,281063,神戸市,神戸市長田区,4,2021/04/01,9999/12/31
1226,281071,神戸市,神戸市須磨区,4,2021/04/01,9999/12/31
1227,281089,神戸市,神戸市垂水区,4,2021/04/01,9999/12/31
1228,281097,神戸市,神戸市北区,4,2021/04/01,9999/12/31
1229,281105,神戸市,神戸市中央区,4,2021/04/01,9999/12/31
1230,281113,神戸市,神戸市西区,4,2021/04/01,9999/12/31
1231,281204,神戸市,神戸市北須磨支所,4,2021/04/01,9999/12/31
1232,282012,姫路市,,7,2021/04/01,9999/12/31
1233,282020,尼崎市,,5,2021/04/01,9999/12/31
1234,282038,明石市,,6,2021/04/01,9999/12/31
1235,282046,西宮市,,3,2021/04/01,9999/12/31
1236,282053,洲本市,,8,2021/04/01,9999/12/31
1237,282061,芦屋市,,3,2021/04/01,9999/12/31
1238,282079,伊丹市,,5,2021/04/01,9999/12/31
1239,282087,相生市,,8,2021/04/01,9999/12/31
1240,282095,豊岡市,,8,2021/04/01,9999/12/31
1241,282103,加古川市,,7,2021/04/01,9999/12/31
1242,282129,赤穂市,,8,2021/04/01,9999/12/31
1243,282137,西脇市,,8,2021/04/01,9999/12/31
1244,282145,宝塚市,,3,2021/04/01,9999/12/31
1245,282152,三木市,,7,2021/04/01,9999/12/31
1246,282160,高砂市,,7,2021/04/01,9999/12/31
1247,282178,川西市,,5,2021/04/01,9999/12/31
1248,282186,小野市,,8,2021/04/01,9999/12/31
1249,282194,三田市,,5,2021/04/01,9999/12/31
1250,282202,加西市,,8,2021/04/01,9999/12/31
1251,282210,丹波篠山市,,8,2021/04/01,9999/12/31
1252,282228,養父市,,8,2021/04/01,9999/12/31
1253,282236,丹波市,,8,2021/04/01,9999/12/31
1254,282244,南あわじ市,,8,2021/04/01,9999/12/31
1255,282251,朝来市,,8,2021/04/01,9999/12/31
1256,282269,淡路市,,8,2021/04/01,9999/12/31
1257,282277,宍粟市,,8,2021/04/01,9999/12/31
1258,282285,加東市,,8,2021/04/01,9999/12/31
1259,282293,たつの市,,8,2021/04/01,9999/12/31
1260,283010,猪名川町,,6,2021/04/01,9999/12/31
1261,283655,多可町,,8,2021/04/01,9999/12/31
1262,283812,稲美町,,7,2021/04/01,9999/12/31
1263,283820,播磨町,,7,2021/04/01,9999/12/31
1264,284422,市川町,,8,2021/04/01,9999/12/31
1265,284430,福崎町,,8,2021/04/01,9999/12/31
1266,284463,神河町,,8,2021/04/01,9999/12/31
1267,284646,太子町,,6,2021/04/01,9999/12/31
1268,284810,上郡町,,8,2021/04/01,9999/12/31
1269,285015,佐用町,,8,2021/04/01,9999/12/31
1270,285858,香美町,,8,2021/04/01,9999/12/31
1271,285866,新温泉町,,8,2021/04/01,9999/12/31
1272,292011,奈良市,,6,2021/04/01,9999/12/31
1273,292029,大和高田市,,6,2021/04/01,9999/12/31
1274,292037,大和郡山市,,6,2021/04/01,9999/12/31
1275,292045,天理市,,7,2021/04/01,9999/12/31
1276,292052,橿原市,,7,2021/04/01,9999/12/31
1277,292060,桜井市,,7,2021/04/01,9999/12/31
1278,292078,五條市,,8,2021/04/01,9999/12/31
1279,292086,御所市,,7,2021/04/01,9999/12/31
1280,292094,生駒市,,6,2021/04/01,9999/12/31
1281,292102,香芝市,,7,2021/04/01,9999/12/31
1282,292110,葛城市,,7,2021/04/01,9999/12/31
1283,292128,宇陀市,,7,2021/04/01,9999/12/31
1284,293225,山添村,,7,2021/04/01,9999/12/31
1285,293423,平群町,,7,2021/04/01,9999/12/31
1286,293431,三郷町,,7,2021/04/01,9999/12/31
1287,293449,斑鳩町,,7,2021/04/01,9999/12/31
1288,293456,安堵町,,7,2021/04/01,9999/12/31
1289,293613,川西町,,7,2021/04/01,9999/12/31
1290,293621,三宅町,,7,2021/04/01,9999/12/31
1291,293639,田原本町,,7,2021/04/01,9999/12/31
1292,293852,曽爾村,,7,2021/04/01,9999/12/31
1293,293860,御杖村,,8,2021/04/01,9999/12/31
1294,294017,高取町,,8,2021/04/01,9999/12/31
1295,294025,明日香村,,7,2021/04/01,9999/12/31
1296,294249,上牧町,,7,2021/04/01,9999/12/31
1297,294256,王寺町,,7,2021/04/01,9999/12/31
1298,294264,広陵町,,7,2021/04/01,9999/12/31
1299,294272,河合町,,7,2021/04/01,9999/12/31
1300,294413,吉野町,,8,2021/04/01,9999/12/31
1301,294421,大淀町,,8,2021/04/01,9999/12/31
1302,294439,下市町,,8,2021/04/01,9999/12/31
1303,294447,黒滝村,,8,2021/04/01,9999/12/31
1304,294462,天川村,,8,2021/04/01,9999/12/31
1305,294470,野迫川村,,8,2021/04/01,9999/12/31
1306,294496,十津川村,,8,2021/04/01,9999/12/31
1307,294504,下北山村,,8,2021/04/01,9999/12/31
1308,294512,上北山村,,8,2021/04/01,9999/12/31
1309,294520,川上村,,8,2021/04/01,9999/12/31
1310,294538,東吉野村,,8,2021/04/01,9999/12/31
1311,302018,和歌山市,,8,2021/04/01,9999/12/31
1312,302026,海南市,,8,2021/04/01,9999/12/31
1313,302034,橋本市,,8,2021/04/01,9999/12/31
1314,302042,有田市,,8,2021/04/01,9999/12/31
1315,302059,御坊市,,8,2021/04/01,9999/12/31
1316,302067,田辺市,,8,2021/04/01,9999/12/31
1317,302075,新宮市,,8,2021/04/01,9999/12/31
1318,302083,紀の川市,,8,2021/04/01,9999/12/31
1319,302091,岩出市,,8,2021/04/01,9999/12/31
1320,303040,紀美野町,,8,2021/04/01,9999/12/31
1321,303412,かつらぎ町,,8,2021/04/01,9999/12/31
1322,303438,九度山町,,8,2021/04/01,9999/12/31
1323,303446,高野町,,8,2021/04/01,9999/12/31
1324,303610,湯浅町,,8,2021/04/01,9999/12/31
1325,303628,広川町,,8,2021/04/01,9999/12/31
1326,303669,有田川町,,8,2021/04/01,9999/12/31
1327,303818,美浜町,,8,2021/04/01,9999/12/31
1328,303826,日高町,,8,2021/04/01,9999/12/31
1329,303834,由良町,,8,2021/04/01,9999/12/31
1330,303909,印南町,,8,2021/04/01,9999/12/31
1331,303917,みなべ町,,8,2021/04/01,9999/12/31
1332,303925,日高川町,,8,2021/04/01,9999/12/31
1333,304014,白浜町,,8,2021/04/01,9999/12/31
1334,304048,上富田町,,8,2021/04/01,9999/12/31
1335,304063,すさみ町,,8,2021/04/01,9999/12/31
1336,304212,那智勝浦町,,8,2021/04/01,9999/12/31
1337,304220,太地町,,8,2021/04/01,9999/12/31
1338,304246,古座川町,,8,2021/04/01,9999/12/31
1339,304279,北山村,,8,2021/04/01,9999/12/31
1340,304287,串本町,,8,2021/04/01,9999/12/31
1341,312017,鳥取市,,8,2021/04/01,9999/12/31
1342,312025,米子市,,8,2021/04/01,9999/12/31
1343,312033,倉吉市,,8,2021/04/01,9999/12/31
1344,312041,境港市,,8,2021/04/01,9999/12/31
1345,313023,岩美町,,8,2021/04/01,9999/12/31
1346,313254,若桜町,,8,2021/04/01,9999/12/31
1347,313288,智頭町,,8,2021/04/01,9999/12/31
1348,313296,八頭町,,8,2021/04/01,9999/12/31
1349,313643,三朝町,,8,2021/04/01,9999/12/31
1350,313700,湯梨浜町,,8,2021/04/01,9999/12/31
1351,313718,琴浦町,,8,2021/04/01,9999/12/31
1352,313726,北栄町,,8,2021/04/01,9999/12/31
1353,313866,大山町,,8,2021/04/01,9999/12/31
1354,314013,日南町,,8,2021/04/01,9999/12/31
1355,314021,日野町,,7,2021/04/01,9999/12/31
1356,314039,江府町,,8,2021/04/01,9999/12/31
1357,313841,南部箕蚊屋広域連合,鳥取県西伯郡日吉津村,8,2021/04/01,9999/12/31
1358,313890,南部箕蚊屋広域連合,鳥取県西伯郡南部町,8,2021/04/01,9999/12/31
1359,313908,南部箕蚊屋広域連合,鳥取県西伯郡伯耆町,8,2021/04/01,9999/12/31
1360,322016,松江市,,8,2021/04/01,9999/12/31
1361,322032,出雲市,,8,2021/04/01,9999/12/31
1362,322040,益田市,,8,2021/04/01,9999/12/31
1363,322057,大田市,,8,2021/04/01,9999/12/31
1364,322065,安来市,,8,2021/04/01,9999/12/31
1365,325019,津和野町,,8,2021/04/01,9999/12/31
1366,325050,吉賀町,,8,2021/04/01,9999/12/31
1367,324418,邑智郡総合事務組合,島根県邑智郡川本町,8,2021/04/01,9999/12/31
1368,324483,邑智郡総合事務組合,島根県邑智郡美郷町,8,2021/04/01,9999/12/31
1369,324491,邑智郡総合事務組合,島根県邑智郡邑南町,8,2021/04/01,9999/12/31
1370,322024,浜田地区広域行政組合,島根県浜田市,8,2021/04/01,9999/12/31
1371,322073,浜田地区広域行政組合,島根県江津市,8,2021/04/01,9999/12/31
1372,322099,雲南広域連合,島根県雲南市,8,2021/04/01,9999/12/31
1373,323436,雲南広域連合,島根県仁多郡奥出雲町,8,2021/04/01,9999/12/31
1374,323865,雲南広域連合,島根県飯石郡飯南町,8,2021/04/01,9999/12/31
1375,325258,隠岐広域連合,島根県隠岐郡海士町,8,2021/04/01,9999/12/31
1376,325266,隠岐広域連合,島根県隠岐郡西ノ島町,8,2021/04/01,9999/12/31
1377,325274,隠岐広域連合,島根県隠岐郡知夫村,8,2021/04/01,9999/12/31
1378,325282,隠岐広域連合,島根県隠岐郡隠岐の島町,8,2021/04/01,9999/12/31
1379,331009,岡山市,岡山市,7,2021/04/01,9999/12/31
1380,332023,倉敷市,,8,2021/04/01,9999/12/31
1381,332031,津山市,,8,2021/04/01,9999/12/31
1382,332049,玉野市,,8,2021/04/01,9999/12/31
1383,332056,笠岡市,,8,2021/04/01,9999/12/31
1384,332072,井原市,,8,2021/04/01,9999/12/31
1385,332080,総社市,,8,2021/04/01,9999/12/31
1386,332098,高梁市,,8,2021/04/01,9999/12/31
1387,332106,新見市,,8,2021/04/01,9999/12/31
1388,332114,備前市,,8,2021/04/01,9999/12/31
1389,332122,瀬戸内市,,8,2021/04/01,9999/12/31
1390,332130,赤磐市,,8,2021/04/01,9999/12/31
1391,332148,真庭市,,8,2021/04/01,9999/12/31
1392,332155,美作市,,8,2021/04/01,9999/12/31
1393,332163,浅口市,,8,2021/04/01,9999/12/31
1394,333468,和気町,,8,2021/04/01,9999/12/31
1395,334235,早島町,,8,2021/04/01,9999/12/31
1396,334458,里庄町,,8,2021/04/01,9999/12/31
1397,334615,矢掛町,,8,2021/04/01,9999/12/31
1398,335869,新庄村,,8,2021/04/01,9999/12/31
1399,336065,鏡野町,,8,2021/04/01,9999/12/31
1400,336222,勝央町,,8,2021/04/01,9999/12/31
1401,336230,奈義町,,8,2021/04/01,9999/12/31
1402,336438,西粟倉村,,8,2021/04/01,9999/12/31
1403,336636,久米南町,,8,2021/04/01,9999/12/31
1404,336669,美咲町,,8,2021/04/01,9999/12/31
1405,336818,吉備中央町,,8,2021/04/01,9999/12/31
1406,341016,広島市,広島市中区,5,2021/04/01,9999/12/31
1407,341024,広島市,広島市東区,5,2021/04/01,9999/12/31
1408,341032,広島市,広島市南区,5,2021/04/01,9999/12/31
1409,341040,広島市,広島市西区,5,2021/04/01,9999/12/31
1410,341057,広島市,広島市安佐南区,5,2021/04/01,9999/12/31
1411,341065,広島市,広島市安佐北区,5,2021/04/01,9999/12/31
1412,341073,広島市,広島市安芸区,5,2021/04/01,9999/12/31
1413,341081,広島市,広島市佐伯区,5,2021/04/01,9999/12/31
1414,342022,呉市,,8,2021/04/01,9999/12/31
1415,342030,竹原市,,8,2021/04/01,9999/12/31
1416,342048,三原市,,8,2021/04/01,9999/12/31
1417,342055,尾道市,,8,2021/04/01,9999/12/31
1418,342071,福山市,,8,2021/04/01,9999/12/31
1419,342089,府中市,,3,2021/04/01,9999/12/31
1420,342097,三次市,,8,2021/04/01,9999/12/31
1421,342105,庄原市,,8,2021/04/01,9999/12/31
1422,342113,大竹市,,8,2021/04/01,9999/12/31
1423,342121,東広島市,,7,2021/04/01,9999/12/31
1424,342139,廿日市市,,7,2021/04/01,9999/12/31
1425,342147,安芸高田市,,8,2021/04/01,9999/12/31
1426,342154,江田島市,,8,2021/04/01,9999/12/31
1427,343020,府中町,,5,2021/04/01,9999/12/31
1428,343046,海田町,,7,2021/04/01,9999/12/31
1429,343079,熊野町,,8,2021/04/01,9999/12/31
1430,343095,坂町,,7,2021/04/01,9999/12/31
1431,343681,安芸太田町,,8,2021/04/01,9999/12/31
1432,343699,北広島町,,8,2021/04/01,9999/12/31
1433,344317,大崎上島町,,8,2021/04/01,9999/12/31
1434,344622,世羅町,,8,2021/04/01,9999/12/31
1435,345454,神石高原町,,8,2021/04/01,9999/12/31
1436,352013,下関市,,8,2021/04/01,9999/12/31
1437,352021,宇部市,,8,2021/04/01,9999/12/31
1438,352039,山口市,,8,2021/04/01,9999/12/31
1439,352047,萩市,,8,2021/04/01,9999/12/31
1440,352062,防府市,,8,2021/04/01,9999/12/31
1441,352070,下松市,,8,2021/04/01,9999/12/31
1442,352088,岩国市,,8,2021/04/01,9999/12/31
1443,352104,光市,,8,2021/04/01,9999/12/31
1444,352112,長門市,,8,2021/04/01,9999/12/31
1445,352120,柳井市,,8,2021/04/01,9999/12/31
1446,352138,美祢市,,8,2021/04/01,9999/12/31
1447,352153,周南市,,7,2021/04/01,9999/12/31
1448,352161,山陽小野田市,,8,2021/04/01,9999/12/31
1449,353052,周防大島町,,8,2021/04/01,9999/12/31
1450,353219,和木町,,8,2021/04/01,9999/12/31
1451,353417,上関町,,8,2021/04/01,9999/12/31
1452,353433,田布施町,,8,2021/04/01,9999/12/31
1453,353441,平生町,,8,2021/04/01,9999/12/31
1454,355024,阿武町,,8,2021/04/01,9999/12/31
1455,362012,徳島市,,7,2021/04/01,9999/12/31
1456,362020,鳴門市,,8,2021/04/01,9999/12/31
1457,362038,小松島市,,8,2021/04/01,9999/12/31
1458,362046,阿南市,,8,2021/04/01,9999/12/31
1459,362053,吉野川市,,8,2021/04/01,9999/12/31
1460,362061,阿波市,,8,2021/04/01,9999/12/31
1461,362079,美馬市,,8,2021/04/01,9999/12/31
1462,363010,勝浦町,,8,2021/04/01,9999/12/31
1463,363028,上勝町,,8,2021/04/01,9999/12/31
1464,363218,佐那河内村,,8,2021/04/01,9999/12/31
1465,363416,石井町,,8,2021/04/01,9999/12/31
1466,363424,神山町,,8,2021/04/01,9999/12/31
1467,363689,那賀町,,8,2021/04/01,9999/12/31
1468,363838,牟岐町,,8,2021/04/01,9999/12/31
1469,363879,美波町,,8,2021/04/01,9999/12/31
1470,363887,海陽町,,8,2021/04/01,9999/12/31
1471,364018,松茂町,,8,2021/04/01,9999/12/31
1472,364026,北島町,,8,2021/04/01,9999/12/31
1473,364034,藍住町,,8,2021/04/01,9999/12/31
1474,364042,板野町,,8,2021/04/01,9999/12/31
1475,364059,上板町,,8,2021/04/01,9999/12/31
1476,364687,つるぎ町,,8,2021/04/01,9999/12/31
1477,362087,みよし広域連合,三好市,8,2021/04/01,9999/12/31
1478,364893,みよし広域連合,東みよし町,8,2021/04/01,9999/12/31
1479,372011,高松市,,7,2021/04/01,9999/12/31
1480,372029,丸亀市,,8,2021/04/01,9999/12/31
1481,372037,坂出市,,8,2021/04/01,9999/12/31
1482,372045,善通寺市,,8,2021/04/01,9999/12/31
1483,372052,観音寺市,,8,2021/04/01,9999/12/31
1484,372060,さぬき市,,8,2021/04/01,9999/12/31
1485,372078,東かがわ市,,8,2021/04/01,9999/12/31
1486,372086,三豊市,,8,2021/04/01,9999/12/31
1487,373225,土庄町,,8,2021/04/01,9999/12/31
1488,373241,小豆島町,,8,2021/04/01,9999/12/31
1489,373415,三木町,,8,2021/04/01,9999/12/31
1490,373647,直島町,,8,2021/04/01,9999/12/31
1491,373860,宇多津町,,8,2021/04/01,9999/12/31
1492,373878,綾川町,,8,2021/04/01,9999/12/31
1493,374033,琴平町,,8,2021/04/01,9999/12/31
1494,374041,多度津町,,8,2021/04/01,9999/12/31
1495,374066,まんのう町,,8,2021/04/01,9999/12/31
1496,382010,松山市,,8,2021/04/01,9999/12/31
1497,382028,今治市,,8,2021/04/01,9999/12/31
1498,382036,宇和島市,,8,2021/04/01,9999/12/31
1499,382044,八幡浜市,,8,2021/04/01,9999/12/31
1500,382051,新居浜市,,8,2021/04/01,9999/12/31
1501,382069,西条市,,8,2021/04/01,9999/12/31
1502,382077,大洲市,,8,2021/04/01,9999/12/31
1503,382101,伊予市,,8,2021/04/01,9999/12/31
1504,382135,四国中央市,,8,2021/04/01,9999/12/31
1505,382143,西予市,,8,2021/04/01,9999/12/31
1506,382150,東温市,,8,2021/04/01,9999/12/31
1507,383562,上島町,,8,2021/04/01,9999/12/31
1508,383869,久万高原町,,8,2021/04/01,9999/12/31
1509,384016,松前町,,8,2021/04/01,9999/12/31
1510,384024,砥部町,,8,2021/04/01,9999/12/31
1511,384222,内子町,,8,2021/04/01,9999/12/31
1512,384420,伊方町,,8,2021/04/01,9999/12/31
1513,384842,松野町,,8,2021/04/01,9999/12/31
1514,384883,鬼北町,,8,2021/04/01,9999/12/31
1515,385062,愛南町,,8,2021/04/01,9999/12/31
1516,392019,高知市,,8,2021/04/01,9999/12/31
1517,392027,室戸市,,8,2021/04/01,9999/12/31
1518,392035,安芸市,,8,2021/04/01,9999/12/31
1519,392043,南国市,,8,2021/04/01,9999/12/31
1520,392050,土佐市,,8,2021/04/01,9999/12/31
1521,392068,須崎市,,8,2021/04/01,9999/12/31
1522,392084,宿毛市,,8,2021/04/01,9999/12/31
1523,392092,土佐清水市,,8,2021/04/01,9999/12/31
1524,392100,四万十市,,8,2021/04/01,9999/12/31
1525,392118,香南市,,8,2021/04/01,9999/12/31
1526,392126,香美市,,8,2021/04/01,9999/12/31
1527,393017,東洋町,,8,2021/04/01,9999/12/31
1528,393074,芸西村,,8,2021/04/01,9999/12/31
1529,393413,本山町,,8,2021/04/01,9999/12/31
1530,393447,大豊町,,8,2021/04/01,9999/12/31
1531,393637,土佐町,,8,2021/04/01,9999/12/31
1532,393645,大川村,,8,2021/04/01,9999/12/31
1533,393868,いの町,,8,2021/04/01,9999/12/31
1534,393876,仁淀川町,,8,2021/04/01,9999/12/31
1535,394015,中土佐町,,8,2021/04/01,9999/12/31
1536,394023,佐川町,,8,2021/04/01,9999/12/31
1537,394031,越知町,,8,2021/04/01,9999/12/31
1538,394056,檮原町,,8,2021/04/01,9999/12/31
1539,394106,日高村,,8,2021/04/01,9999/12/31
1540,394114,津野町,,8,2021/04/01,9999/12/31
1541,394122,四万十町,,8,2021/04/01,9999/12/31
1542,394247,大月町,,8,2021/04/01,9999/12/31
1543,394270,三原村,,8,2021/04/01,9999/12/31
1544,394288,黒潮町,,8,2021/04/01,9999/12/31
1545,393025,中芸広域連合,高知県安芸郡奈半利町,8,2021/04/01,9999/12/31
1546,393033,中芸広域連合,高知県安芸郡田野町,8,2021/04/01,9999/12/31
1547,393041,中芸広域連合,高知県安芸郡安田町,8,2021/04/01,9999/12/31
1548,393058,中芸広域連合,高知県安芸郡北川村,8,2021/04/01,9999/12/31
1549,393066,中芸広域連合,高知県安芸郡馬路村,8,2021/04/01,9999/12/31
1550,401018,北九州市,北九州市門司区,7,2021/04/01,9999/12/31
1551,401034,北九州市,北九州市若松区,7,2021/04/01,9999/12/31
1552,401059,北九州市,北九州市戸畑区,7,2021/04/01,9999/12/31
1553,401067,北九州市,北九州市小倉北区,7,2021/04/01,9999/12/31
1554,401075,北九州市,北九州市小倉南区,7,2021/04/01,9999/12/31
1555,401083,北九州市,北九州市八幡東区,7,2021/04/01,9999/12/31
1556,401091,北九州市,北九州市八幡西区,7,2021/04/01,9999/12/31
1557,401315,福岡市,福岡市東区,5,2021/04/01,9999/12/31
1558,401323,福岡市,福岡市博多区,5,2021/04/01,9999/12/31
1559,401331,福岡市,福岡市中央区,5,2021/04/01,9999/12/31
1560,401349,福岡市,福岡市南区,5,2021/04/01,9999/12/31
1561,401356,福岡市,福岡市西区,5,2021/04/01,9999/12/31
1562,401364,福岡市,福岡市城南区,5,2021/04/01,9999/12/31
1563,401372,福岡市,福岡市早良区,5,2021/04/01,9999/12/31
1564,402024,大牟田市,,8,2021/04/01,9999/12/31
1565,402032,久留米市,,8,2021/04/01,9999/12/31
1566,402040,直方市,,8,2021/04/01,9999/12/31
1567,402057,飯塚市,,7,2021/04/01,9999/12/31
1568,402107,八女市,,8,2021/04/01,9999/12/31
1569,402115,筑後市,,8,2021/04/01,9999/12/31
1570,402123,大川市,,8,2021/04/01,9999/12/31
1571,402131,行橋市,,8,2021/04/01,9999/12/31
1572,402156,中間市,,8,2021/04/01,9999/12/31
1573,402164,小郡市,,8,2021/04/01,9999/12/31
1574,402172,筑紫野市,,7,2021/04/01,9999/12/31
1575,402180,春日市,,5,2021/04/01,9999/12/31
1576,402198,大野城市,,6,2021/04/01,9999/12/31
1577,402206,宗像市,,8,2021/04/01,9999/12/31
1578,402214,太宰府市,,6,2021/04/01,9999/12/31
1579,402230,古賀市,,7,2021/04/01,9999/12/31
1580,402248,福津市,,6,2021/04/01,9999/12/31
1581,402271,嘉麻市,,8,2021/04/01,9999/12/31
1582,402289,朝倉市,,8,2021/04/01,9999/12/31
1583,402297,みやま市,,8,2021/04/01,9999/12/31
1584,402305,糸島市,,6,2021/04/01,9999/12/31
1585,403055,那珂川町,,8,2021/04/01,9999/12/31
1586,403493,粕屋町,,6,2021/04/01,9999/12/31
1587,406215,苅田町,,8,2021/04/01,9999/12/31
1588,406256,みやこ町,,8,2021/04/01,9999/12/31
1589,402065,福岡県介護保険広域連合,福岡県田川市,8,2021/04/01,9999/12/31
1590,402073,福岡県介護保険広域連合,福岡県柳川市,8,2021/04/01,9999/12/31
1591,402149,福岡県介護保険広域連合,福岡県豊前市,8,2021/04/01,9999/12/31
1592,402255,福岡県介護保険広域連合,福岡県うきは市,8,2021/04/01,9999/12/31
1593,402263,福岡県介護保険広域連合,福岡県宮若市,8,2021/04/01,9999/12/31
1594,403410,福岡県介護保険広域連合,福岡県糟屋郡宇美町,8,2021/04/01,9999/12/31
1595,403428,福岡県介護保険広域連合,福岡県糟屋郡篠栗町,8,2021/04/01,9999/12/31
1596,403436,福岡県介護保険広域連合,福岡県糟屋郡志免町,8,2021/04/01,9999/12/31
1597,403444,福岡県介護保険広域連合,福岡県糟屋郡須恵町,8,2021/04/01,9999/12/31
1598,403451,福岡県介護保険広域連合,福岡県糟屋郡新宮町,8,2021/04/01,9999/12/31
1599,403485,福岡県介護保険広域連合,福岡県糟屋郡久山町,8,2021/04/01,9999/12/31
1600,403816,福岡県介護保険広域連合,福岡県遠賀郡芦屋町,8,2021/04/01,9999/12/31
1601,403824,福岡県介護保険広域連合,福岡県遠賀郡水巻町,8,2021/04/01,9999/12/31
1602,403832,福岡県介護保険広域連合,福岡県遠賀郡岡垣町,8,2021/04/01,9999/12/31
1603,403840,福岡県介護保険広域連合,福岡県遠賀郡遠賀町,8,2021/04/01,9999/12/31
1604,404012,福岡県介護保険広域連合,福岡県鞍手郡小竹町,8,2021/04/01,9999/12/31
1605,404020,福岡県介護保険広域連合,福岡県鞍手郡鞍手町,8,2021/04/01,9999/12/31
1606,404210,福岡県介護保険広域連合,福岡県嘉穂郡桂川町,8,2021/04/01,9999/12/31
1607,404475,福岡県介護保険広域連合,福岡県筑前町,8,2021/04/01,9999/12/31
1608,404483,福岡県介護保険広域連合,福岡県東峰村,8,2021/04/01,9999/12/31
1609,405035,福岡県介護保険広域連合,福岡県三井郡大刀洗町,8,2021/04/01,9999/12/31
1610,405225,福岡県介護保険広域連合,福岡県三潴郡大木町,8,2021/04/01,9999/12/31
1611,405449,福岡県介護保険広域連合,福岡県八女郡広川町,8,2021/04/01,9999/12/31
1612,406017,福岡県介護保険広域連合,福岡県田川郡香春町,8,2021/04/01,9999/12/31
1613,406025,福岡県介護保険広域連合,福岡県田川郡添田町,8,2021/04/01,9999/12/31
1614,406041,福岡県介護保険広域連合,福岡県田川郡糸田町,8,2021/04/01,9999/12/31
1615,406058,福岡県介護保険広域連合,福岡県田川郡川崎町,8,2021/04/01,9999/12/31
1616,406082,福岡県介護保険広域連合,福岡県田川郡大任町,8,2021/04/01,9999/12/31
1617,406090,福岡県介護保険広域連合,福岡県田川郡赤村,8,2021/04/01,9999/12/31
1618,406108,福岡県介護保険広域連合,福岡県田川郡福智町,8,2021/04/01,9999/12/31
1619,406421,福岡県介護保険広域連合,福岡県築上郡吉富町,8,2021/04/01,9999/12/31
1620,406462,福岡県介護保険広域連合,福岡県築上郡上毛町,8,2021/04/01,9999/12/31
1621,406470,福岡県介護保険広域連合,福岡県築上郡築上町,8,2021/04/01,9999/12/31
1622,412023,唐津市,,8,2021/04/01,9999/12/31
1623,412056,伊万里市,,8,2021/04/01,9999/12/31
1624,413872,玄海町,,8,2021/04/01,9999/12/31
1625,414011,有田町,,8,2021/04/01,9999/12/31
1626,412064,杵藤地区広域市町村圏組合,佐賀県武雄市,8,2021/04/01,9999/12/31
1627,412072,杵藤地区広域市町村圏組合,佐賀県鹿島市,8,2021/04/01,9999/12/31
1628,412098,杵藤地区広域市町村圏組合,佐賀県嬉野市,8,2021/04/01,9999/12/31
1629,414235,杵藤地区広域市町村圏組合,佐賀県杵島郡大町町,8,2021/04/01,9999/12/31
1630,414243,杵藤地区広域市町村圏組合,佐賀県杵島郡江北町,8,2021/04/01,9999/12/31
1631,414250,杵藤地区広域市町村圏組合,佐賀県杵島郡白石町,8,2021/04/01,9999/12/31
1632,414417,杵藤地区広域市町村圏組合,佐賀県藤津郡太良町,8,2021/04/01,9999/12/31
1633,412031,鳥栖地区広域市町村圏組合,佐賀県鳥栖市,8,2021/04/01,9999/12/31
1634,413419,鳥栖地区広域市町村圏組合,佐賀県三養基郡基山町,8,2021/04/01,9999/12/31
1635,413450,鳥栖地区広域市町村圏組合,佐賀県三養基郡上峰町,8,2021/04/01,9999/12/31
1636,413468,鳥栖地区広域市町村圏組合,佐賀県三養基郡みやき町,8,2021/04/01,9999/12/31
1637,412015,佐賀中部広域連合,佐賀県佐賀市,8,2021/04/01,9999/12/31
1638,412049,佐賀中部広域連合,佐賀県多久市,8,2021/04/01,9999/12/31
1639,412080,佐賀中部広域連合,佐賀県小城市,8,2021/04/01,9999/12/31
1640,412106,佐賀中部広域連合,佐賀県神埼市,8,2021/04/01,9999/12/31
1641,413278,佐賀中部広域連合,佐賀県神埼郡吉野ヶ里町,8,2021/04/01,9999/12/31
1642,422014,長崎市,,7,2021/04/01,9999/12/31
1643,422022,佐世保市,,8,2021/04/01,9999/12/31
1644,422048,諫早市,,8,2021/04/01,9999/12/31
1645,422055,大村市,,8,2021/04/01,9999/12/31
1646,422071,平戸市,,8,2021/04/01,9999/12/31
1647,422089,松浦市,,8,2021/04/01,9999/12/31
1648,422097,対馬市,,8,2021/04/01,9999/12/31
1649,422105,壱岐市,,8,2021/04/01,9999/12/31
1650,422113,五島市,,8,2021/04/01,9999/12/31
1651,422121,西海市,,8,2021/04/01,9999/12/31
1652,423079,長与町,,8,2021/04/01,9999/12/31
1653,423087,時津町,,8,2021/04/01,9999/12/31
1654,423210,東彼杵町,,8,2021/04/01,9999/12/31
1655,423228,川棚町,,8,2021/04/01,9999/12/31
1656,423236,波佐見町,,8,2021/04/01,9999/12/31
1657,423830,小値賀町,,8,2021/04/01,9999/12/31
1658,423913,佐々町,,8,2021/04/01,9999/12/31
1659,424119,新上五島町,,8,2021/04/01,9999/12/31
1660,422030,島原地域広域市町村圏組合,長崎県島原市,8,2021/04/01,9999/12/31
1661,422139,島原地域広域市町村圏組合,長崎県雲仙市,8,2021/04/01,9999/12/31
1662,422147,島原地域広域市町村圏組合,長崎県南島原市,8,2021/04/01,9999/12/31
1663,431007,熊本市,,8,2021/04/01,9999/12/31
1664,432021,八代市,,8,2021/04/01,9999/12/31
1665,432039,人吉市,,8,2021/04/01,9999/12/31
1666,432047,荒尾市,,8,2021/04/01,9999/12/31
1667,432054,水俣市,,8,2021/04/01,9999/12/31
1668,432062,玉名市,,8,2021/04/01,9999/12/31
1669,432088,山鹿市,,8,2021/04/01,9999/12/31
1670,432104,菊池市,,8,2021/04/01,9999/12/31
1671,432112,宇土市,,8,2021/04/01,9999/12/31
1672,432120,上天草市,,8,2021/04/01,9999/12/31
1673,432138,宇城市,,8,2021/04/01,9999/12/31
1674,432146,阿蘇市,,8,2021/04/01,9999/12/31
1675,432153,天草市,,8,2021/04/01,9999/12/31
1676,432161,合志市,,8,2021/04/01,9999/12/31
1677,433482,美里町,,8,2021/04/01,9999/12/31
1678,433649,玉東町,,8,2021/04/01,9999/12/31
1679,433672,南関町,,8,2021/04/01,9999/12/31
1680,433680,長洲町,,8,2021/04/01,9999/12/31
1681,433698,和水町,,8,2021/04/01,9999/12/31
1682,434035,大津町,,8,2021/04/01,9999/12/31
1683,434043,菊陽町,,8,2021/04/01,9999/12/31
1684,434233,南小国町,,8,2021/04/01,9999/12/31
1685,434241,小国町,,8,2021/04/01,9999/12/31
1686,434258,産山村,,8,2021/04/01,9999/12/31
1687,434282,高森町,,8,2021/04/01,9999/12/31
1688,434324,西原村,,8,2021/04/01,9999/12/31
1689,434332,南阿蘇村,,8,2021/04/01,9999/12/31
1690,434415,御船町,,8,2021/04/01,9999/12/31
1691,434423,嘉島町,,8,2021/04/01,9999/12/31
1692,434431,益城町,,8,2021/04/01,9999/12/31
1693,434449,甲佐町,,8,2021/04/01,9999/12/31
1694,434472,山都町,,8,2021/04/01,9999/12/31
1695,434688,氷川町,,8,2021/04/01,9999/12/31
1696,434829,芦北町,,8,2021/04/01,9999/12/31
1697,434845,津奈木町,,8,2021/04/01,9999/12/31
1698,435016,錦町,,8,2021/04/01,9999/12/31
1699,435057,多良木町,,8,2021/04/01,9999/12/31
1700,435065,湯前町,,8,2021/04/01,9999/12/31
1701,435073,水上村,,8,2021/04/01,9999/12/31
1702,435107,相良村,,8,2021/04/01,9999/12/31
1703,435115,五木村,,8,2021/04/01,9999/12/31
1704,435123,山江村,,8,2021/04/01,9999/12/31
1705,435131,球磨村,,8,2021/04/01,9999/12/31
1706,435149,あさぎり町,,8,2021/04/01,9999/12/31
1707,435313,苓北町,,8,2021/04/01,9999/12/31
1708,442012,大分市,,8,2021/04/01,9999/12/31
1709,442020,別府市,,8,2021/04/01,9999/12/31
1710,442038,中津市,,8,2021/04/01,9999/12/31
1711,442046,日田市,,8,2021/04/01,9999/12/31
1712,442053,佐伯市,,8,2021/04/01,9999/12/31
1713,442061,臼杵市,,8,2021/04/01,9999/12/31
1714,442079,津久見市,,8,2021/04/01,9999/12/31
1715,442087,竹田市,,8,2021/04/01,9999/12/31
1716,442095,豊後高田市,,8,2021/04/01,9999/12/31
1717,442103,杵築市,,8,2021/04/01,9999/12/31
1718,442111,宇佐市,,8,2021/04/01,9999/12/31
1719,442129,豊後大野市,,8,2021/04/01,9999/12/31
1720,442137,由布市,,8,2021/04/01,9999/12/31
1721,442145,国東市,,8,2021/04/01,9999/12/31
1722,443226,姫島村,,8,2021/04/01,9999/12/31
1723,443416,日出町,,8,2021/04/01,9999/12/31
1724,444612,九重町,,8,2021/04/01,9999/12/31
1725,444620,玖珠町,,8,2021/04/01,9999/12/31
1726,452011,宮崎市,,8,2021/04/01,9999/12/31
1727,452029,都城市,,8,2021/04/01,9999/12/31
1728,452037,延岡市,,8,2021/04/01,9999/12/31
1729,452045,日南市,,8,2021/04/01,9999/12/31
1730,452052,小林市,,8,2021/04/01,9999/12/31
1731,452060,日向市,,8,2021/04/01,9999/12/31
1732,452078,串間市,,8,2021/04/01,9999/12/31
1733,452086,西都市,,8,2021/04/01,9999/12/31
1734,452094,えびの市,,8,2021/04/01,9999/12/31
1735,453415,三股町,,8,2021/04/01,9999/12/31
1736,453613,高原町,,8,2021/04/01,9999/12/31
1737,453829,国富町,,8,2021/04/01,9999/12/31
1738,453837,綾町,,8,2021/04/01,9999/12/31
1739,454017,高鍋町,,8,2021/04/01,9999/12/31
1740,454025,新富町,,8,2021/04/01,9999/12/31
1741,454033,西米良村,,8,2021/04/01,9999/12/31
1742,454041,木城町,,8,2021/04/01,9999/12/31
1743,454058,川南町,,8,2021/04/01,9999/12/31
1744,454066,都農町,,8,2021/04/01,9999/12/31
1745,454215,門川町,,8,2021/04/01,9999/12/31
1746,454298,諸塚村,,8,2021/04/01,9999/12/31
1747,454306,椎葉村,,8,2021/04/01,9999/12/31
1748,454314,美郷町,,8,2021/04/01,9999/12/31
1749,454413,高千穂町,,8,2021/04/01,9999/12/31
1750,454421,日之影町,,8,2021/04/01,9999/12/31
1751,454439,五ヶ瀬町,,8,2021/04/01,9999/12/31
1752,462010,鹿児島市,,8,2021/04/01,9999/12/31
1753,462036,鹿屋市,,8,2021/04/01,9999/12/31
1754,462044,枕崎市,,8,2021/04/01,9999/12/31
1755,462069,阿久根市,,8,2021/04/01,9999/12/31
1756,462085,出水市,,8,2021/04/01,9999/12/31
1757,462101,指宿市,,8,2021/04/01,9999/12/31
1758,462135,西之表市,,8,2021/04/01,9999/12/31
1759,462143,垂水市,,8,2021/04/01,9999/12/31
1760,462150,薩摩川内市,,8,2021/04/01,9999/12/31
1761,462168,日置市,,8,2021/04/01,9999/12/31
1762,462176,曽於市,,8,2021/04/01,9999/12/31
1763,462184,霧島市,,8,2021/04/01,9999/12/31
1764,462192,いちき串木野市,,8,2021/04/01,9999/12/31
1765,462200,南さつま市,,8,2021/04/01,9999/12/31
1766,462218,志布志市,,8,2021/04/01,9999/12/31
1767,462226,奄美市,,8,2021/04/01,9999/12/31
1768,462234,南九州市,,8,2021/04/01,9999/12/31
1769,462242,伊佐市,,8,2021/04/01,9999/12/31
1770,462259,姶良市,,8,2021/04/01,9999/12/31
1771,463034,三島村,,8,2021/04/01,9999/12/31
1772,463042,十島村,,8,2021/04/01,9999/12/31
1773,463927,さつま町,,8,2021/04/01,9999/12/31
1774,464040,長島町,,8,2021/04/01,9999/12/31
1775,464529,湧水町,,8,2021/04/01,9999/12/31
1776,464685,大崎町,,8,2021/04/01,9999/12/31
1777,464826,東串良町,,8,2021/04/01,9999/12/31
1778,464909,錦江町,,8,2021/04/01,9999/12/31
1779,464917,南大隅町,,8,2021/04/01,9999/12/31
1780,464925,肝付町,,8,2021/04/01,9999/12/31
1781,465013,中種子町,,8,2021/04/01,9999/12/31
1782,465021,南種子町,,8,2021/04/01,9999/12/31
1783,465054,屋久島町,,8,2021/04/01,9999/12/31
1784,465237,大和村,,8,2021/04/01,9999/12/31
1785,465245,宇検村,,8,2021/04/01,9999/12/31
1786,465252,瀬戸内町,,8,2021/04/01,9999/12/31
1787,465278,龍郷町,,8,2021/04/01,9999/12/31
1788,465294,喜界町,,8,2021/04/01,9999/12/31
1789,465302,徳之島町,,8,2021/04/01,9999/12/31
1790,465310,天城町,,8,2021/04/01,9999/12/31
1791,465328,伊仙町,,8,2021/04/01,9999/12/31
1792,465336,和泊町,,8,2021/04/01,9999/12/31
1793,465344,知名町,,8,2021/04/01,9999/12/31
1794,465351,与論町,,8,2021/04/01,9999/12/31
1795,472019,那覇市,,8,2021/04/01,9999/12/31
1796,472050,宜野湾市,,8,2021/04/01,9999/12/31
1797,472076,石垣市,,8,2021/04/01,9999/12/31
1798,472084,浦添市,,8,2021/04/01,9999/12/31
1799,472092,名護市,,8,2021/04/01,9999/12/31
1800,472100,糸満市,,8,2021/04/01,9999/12/31
1801,472118,沖縄市,,8,2021/04/01,9999/12/31
1802,472134,うるま市,,8,2021/04/01,9999/12/31
1803,472142,宮古島市,,8,2021/04/01,9999/12/31
1804,473751,多良間村,,8,2021/04/01,9999/12/31
1805,473819,竹富町,,8,2021/04/01,9999/12/31
1806,473827,与那国町,,8,2021/04/01,9999/12/31
1807,472159,沖縄県介護保険広域連合,沖縄県南城市,8,2021/04/01,9999/12/31
1808,473017,沖縄県介護保険広域連合,沖縄県国頭郡国頭村,8,2021/04/01,9999/12/31
1809,473025,沖縄県介護保険広域連合,沖縄県国頭郡大宜味村,8,2021/04/01,9999/12/31
1810,473033,沖縄県介護保険広域連合,沖縄県国頭郡東村,8,2021/04/01,9999/12/31
1811,473066,沖縄県介護保険広域連合,沖縄県国頭郡今帰仁村,8,2021/04/01,9999/12/31
1812,473082,沖縄県介護保険広域連合,沖縄県国頭郡本部町,8,2021/04/01,9999/12/31
1813,473116,沖縄県介護保険広域連合,沖縄県国頭郡恩納村,8,2021/04/01,9999/12/31
1814,473132,沖縄県介護保険広域連合,沖縄県国頭郡宜野座村,8,2021/04/01,9999/12/31
1815,473140,沖縄県介護保険広域連合,沖縄県国頭郡金武町,8,2021/04/01,9999/12/31
1816,473157,沖縄県介護保険広域連合,沖縄県国頭郡伊江村,8,2021/04/01,9999/12/31
1817,473249,沖縄県介護保険広域連合,沖縄県中頭郡読谷村,8,2021/04/01,9999/12/31
1818,473256,沖縄県介護保険広域連合,沖縄県中頭郡嘉手納町,8,2021/04/01,9999/12/31
1819,473264,沖縄県介護保険広域連合,沖縄県中頭郡北谷町,8,2021/04/01,9999/12/31
1820,473272,沖縄県介護保険広域連合,沖縄県中頭郡北中城村,8,2021/04/01,9999/12/31
1821,473280,沖縄県介護保険広域連合,沖縄県中頭郡中城村,8,2021/04/01,9999/12/31
1822,473298,沖縄県介護保険広域連合,沖縄県中頭郡西原町,8,2021/04/01,9999/12/31
1823,473413,沖縄県介護保険広域連合,沖縄県島尻郡豊見城市,8,2021/04/01,9999/12/31
1824,473488,沖縄県介護保険広域連合,沖縄県島尻郡与那原町,8,2021/04/01,9999/12/31
1825,473504,沖縄県介護保険広域連合,沖縄県島尻郡南風原町,8,2021/04/01,9999/12/31
1826,473538,沖縄県介護保険広域連合,沖縄県島尻郡渡嘉敷村,8,2021/04/01,9999/12/31
1827,473546,沖縄県介護保険広域連合,沖縄県島尻郡座間味村,8,2021/04/01,9999/12/31
1828,473553,沖縄県介護保険広域連合,沖縄県島尻郡粟国村,8,2021/04/01,9999/12/31
1829,473561,沖縄県介護保険広域連合,沖縄県島尻郡渡名喜村,8,2021/04/01,9999/12/31
1830,473579,沖縄県介護保険広域連合,沖縄県島尻郡南大東村,8,2021/04/01,9999/12/31
1831,473587,沖縄県介護保険広域連合,沖縄県島尻郡北大東村,8,2021/04/01,9999/12/31
1832,473595,沖縄県介護保険広域連合,沖縄県島尻郡伊平屋村,8,2021/04/01,9999/12/31
1833,473603,沖縄県介護保険広域連合,沖縄県島尻郡伊是名村,8,2021/04/01,9999/12/31
1834,473611,沖縄県介護保険広域連合,沖縄県島尻郡久米島町,8,2021/04/01,9999/12/31
1835,473629,沖縄県介護保険広域連合,沖縄県島尻郡八重瀬町,8,2021/04/01,9999/12/31
